fake+jennifer27@netbox.tech,jodi75
fake+jeremiah81@mailbox.org,1FDsvyFF4o
fake+hollylambert@randomcorp.com,view3998
fake+melvinbruce@outlook.com,Gold877
fake+margaret86@company.co,May1949
fake+riosjulian@web.de,Cold!65
fake+lynn41@t-online.de,Ghostwhite448
fake+danielrodgers@coolname.app,Navy965
fake+nsanders@student.edu,March1904
fake+kathleen83@company.co,rachel21
fake+amber51@web.de,Rate!67
fake+stevenpayne@outlook.com,Q3ecRoue7bFK
fake+timothy79@fastmail.net,Fuchsia636
fake+sbailey@enterprise.biz,xcv0Rkj3f49
fake+imorales@gmx.de,July1922
fake+josegray@protonmail.com,zL_h8WPzh
fake+garciatyler@demoapp.cloud,t8wITynS1
fake+dcooper@mail.com,Powderblue397
fake+robert86@mydomain.net,mind9509
fake+reynoldskenneth@techhub.ai,jennifer71
fake+haileymoore@notarealmail.com,November1912
fake+aguirrebilly@service-mail.com,Though!94
fake+brucenelson@t-online.de,Lightcyan565
fake+monique20@hotmail.com,October1974
fake+ehartman@hotmail.com,You!45
fake+qhooper@digitalmail.space,later9516
fake+anthony75@mail.com,Jaq2UDOr1i
fake+josephbutler@outlook.com,5iGqD2ly
fake+stonesarah@coolname.app,A%pnJ6uR!vLL7ae
fake+kimjohn@mydomain.net,Bisque845
fake+barajasbrian@outlook.com,(06r1VEp
fake+paulconley@randomcorp.com,robert69
fake+kjohnson@fastmail.net,Mediumvioletred554
fake+ojacobs@enterprise.biz,June1994
fake+lesliejones@example.org,Gainsboro284
fake+adamsedward@outlook.com,Darkturquoise513
fake+heidi83@datenpost.de,VAE7TfwQ1
fake+ruth48@gmail.com,&7VByp8@oyBj
fake+alicia55@example.org,7Z0d6y8t
fake+zgregory@protonmail.com,joseph74
fake+dpeters@student.edu,Term!97
fake+jameshale@mail.com,Darkolivegreen798
fake+jesseyang@enterprise.biz,Relate!97
fake+richardbradley@datenpost.de,process1706
fake+brandy33@notarealmail.com,XN$Ee^fo(g!X6X!W
fake+mcconnellamanda@service-mail.com,1spWKw8gGSq
fake+john55@devmail.io,4((9%WSnNr^
fake+walkerbianca@mydomain.net,michael91
fake+donna29@t-online.de,william74
fake+dalvarez@mail.com,A3WSw91NnyA
fake+linda60@devmail.io,benjamin68
fake+pfisher@enterprise.biz,dominique78
fake+mcmillannicole@randomcorp.com,Cornsilk651
fake+marcus23@coolname.app,April1998
fake+kevin07@demoapp.cloud,with7150
fake+ambergeorge@gmx.de,kimberly60
fake+wendymontgomery@coolname.app,21ZdoeSbuV1
fake+christine22@fastmail.net,Lavenderblush994
fake+ggonzalez@outlook.com,&co0$3Rb
fake+brittany10@hotmail.com,kyle61
fake+colemanlaura@testlabs.org,Relate!74
fake+rhill@web.de,&89JdpMC
fake+santiagochad@student.edu,January1903
fake+kimberlysmith@devmail.io,Improve!42
fake+alison91@example.org,6Yg&1MOo
fake+monica74@enterprise.biz,+4AXvX17Jl%Tv
fake+meganmedina@example.org,!)GL946u3+i
fake+joshua05@gmail.com,June1917
fake+markrangel@protonmail.com,sport4410
fake+zunigajocelyn@randomcorp.com,4!f)3Mwq
fake+lowerymaria@notarealmail.com,Hotpink912
fake+christopher66@student.edu,Lightcyan287
fake+mariosmith@datenpost.de,Darkblue859
fake+michealharris@mail.com,May1920
fake+pmoss@digitalmail.space,H5ICmJH2E
fake+bonddavid@t-online.de,qVolG2ps8
fake+plewis@notarealmail.com,brittany17
fake+wolftamara@example.org,land7877
fake+sarah43@hotmail.com,Lightseagreen994
fake+kelseychurch@enterprise.biz,debra42
fake+greyes@devmail.io,38dzlb)h_XVE
fake+whall@devmail.io,movement1861
fake+brittanyanderson@demoapp.cloud,Darkkhaki834
fake+norman72@mail.com,8QhUGagtG
fake+elizabeth45@datenpost.de,bobby10
fake+xzuniga@service-mail.com,iUBn9h0YKQQ9
fake+sherri24@testlabs.org,Painting!47
fake+dhernandez@coolname.app,Season!55
fake+jsmith@company.co,Increase!93
fake+jesselewis@notarealmail.com,0xDbao
fake+shepherdjerry@demoapp.cloud,September1902
fake+davidhoward@icloud.com,September1933
fake+james96@outlook.com,Field!37
fake+sheltonmichelle@datenpost.de,February1933
fake+jamesjames@mailbox.org,management4099
fake+blakekelly@icloud.com,1Lnfc4bV
fake+hernandezstephanie@protonmail.com,Lgu3TFuUc
fake+pedroshelton@outlook.com,watch4907
fake+annettealvarez@gmx.de,Include!20
fake+waynefuentes@web.de,May1920
fake+smithnathan@gmx.de,October1959
fake+robertnielsen@randomcorp.com,Main!62
fake+gregory62@student.edu,9HNfgP
fake+nroberts@fastmail.net,R28Org
fake+sblackburn@web.de,Snow431
fake+sharon34@service-mail.com,3K6w4F
fake+christopher76@example.org,morning6084
fake+djenkins@mailbox.org,Seashell268
fake+chadjohnson@mail.com,Dodgerblue454
fake+beasleyedward@randomcorp.com,X2zHZd1z%%R
fake+mary14@service-mail.com,NZ9JdcZK_86Zy
fake+simpsonregina@protonmail.com,n51WOj45mvY
fake+wesleyhahn@randomcorp.com,lawyer9203
fake+olsonfrank@mailbox.org,kyseT9hQfx2
fake+browningpatrick@mydomain.net,September2024
fake+littlejennifer@testlabs.org,v3Llw9
fake+kwaters@netbox.tech,Palegoldenrod296
fake+amber08@outlook.com,charles60
fake+newtonrebecca@datenpost.de,March1909
fake+jasminegomez@notarealmail.com,March2004
fake+mtran@enterprise.biz,Their!89
fake+dmiddleton@datenpost.de,1KdIny
fake+solson@demoapp.cloud,seth20
fake+mark08@gmx.de,6YuGmybv
fake+youngbryan@student.edu,November1975
fake+walkerbilly@protonmail.com,May1940
fake+michaelhansen@outlook.com,jose61
fake+kmanning@mail.com,joseph48
fake+benjamin64@coolname.app,r$0WSK4m
fake+melissa63@company.co,ability9180
fake+dustinward@coolname.app,year3652
fake+zmcdonald@enterprise.biz,Vh9xAX4(9^7Tw
fake+stonejohn@netbox.tech,kyle40
fake+carrollbryan@protonmail.com,Large!54
fake+cantucynthia@service-mail.com,treat523
fake+pstewart@notarealmail.com,care3423
fake+nmitchell@hotmail.com,March1995
fake+pgreen@gmail.com,kathy76
fake+christinecontreras@company.co,HdNhgzCx&3Yd
fake+gtaylor@web.de,March1900
fake+debbiewilson@enterprise.biz,%_83b6cds(SwyRmz
fake+daniel97@enterprise.biz,91QqEGZom
fake+luis16@company.co,%cI@dqc802oD
fake+cheryl69@coolname.app,B7HwkG
fake+stephanieherring@randomcorp.com,April1964
fake+erica80@mail.com,Lightgreen793
fake+deborahbarker@example.org,Scientist!28
fake+nhurley@protonmail.com,daniel52
fake+pmacias@gmail.com,senior6335
fake+jeffreyrodriguez@devmail.io,adam69
fake+robert51@fastmail.net,Suggest!45
fake+ashleybrown@service-mail.com,yOR9Pvnh
fake+maciasjuan@digitalmail.space,x$6%P&r_EpxnM
fake+riverajose@mydomain.net,begin6857
fake+poncebreanna@example.org,Vs0Pdzp^%@G
fake+betty72@mail.com,nathan76
fake+michaelpalmer@coolname.app,arrive1585
fake+chadreeves@company.co,July1928
fake+anitasherman@coolname.app,November1925
fake+maddensarah@outlook.com,September1955
fake+lday@fastmail.net,IPOWs6QM45
fake+opatrick@digitalmail.space,9GDlbfHC
fake+brettdavis@fastmail.net,School!15
fake+anthonybarnett@netbox.tech,c0rwmwRO3FfQ
fake+vbauer@randomcorp.com,Tan793
fake+james31@aol.com,lot8532
fake+nicole20@mail.com,7%P%7LFa@H!
fake+zhamilton@t-online.de,andrew68
fake+mary35@enterprise.biz,dream9378
fake+adampennington@web.de,February1904
fake+yolandaharmon@hotmail.com,Exist!94
fake+eric29@datenpost.de,Peace!38
fake+melissahull@hotmail.com,From!56
fake+bishopraymond@web.de,nicholas37
fake+hooveredward@protonmail.com,5v2Sh@Jb$BmVZ
fake+goodmanethan@notarealmail.com,Girl!75
fake+raymondprice@aol.com,Forestgreen967
fake+michellesmith@hotmail.com,August1907
fake+kwright@icloud.com,peter97
fake+georgeho@protonmail.com,January1975
fake+gary63@coolname.app,michael29
fake+susanandrews@student.edu,Zz6Hiaix3
fake+walterpotter@student.edu,tyler19
fake+blindsey@enterprise.biz,Responsibility!20
fake+paul85@coolname.app,Dimgray404
fake+rherman@hotmail.com,Deeppink992
fake+naguilar@netbox.tech,Lightcyan291
fake+kimberly37@protonmail.com,Peru491
fake+richard22@coolname.app,Aquamarine800
fake+byoung@datenpost.de,choose1481
fake+changevan@notarealmail.com,January1934
fake+nicole62@web.de,+4IC0D8q1ds@
fake+zamorajonathan@digitalmail.space,See!12
fake+millsemily@company.co,According!83
fake+elizabethmassey@demoapp.cloud,VM11My0m_gX2Qjf
fake+robertsmichael@coolname.app,LNzGdQif8@9h
fake+kevin39@mail.com,valerie61
fake+arthur80@netbox.tech,Firebrick802
fake+shawnfuller@fastmail.net,Near!27
fake+tiffanywebb@enterprise.biz,April1970
fake+hmayo@example.org,terri46
fake+jennifer54@icloud.com,Design!75
fake+krystaldavenport@aol.com,audience622
fake+alexander26@yahoo.com,kzoJOi4Q69&2z359
fake+sharpsara@testlabs.org,Help!18
fake+kingmolly@enterprise.biz,Team!12
fake+sgarcia@coolname.app,k@g@2PiaXeH9
fake+jennifer88@gmail.com,Woman!49
fake+cookscott@example.org,0NljA14ms
fake+april14@devmail.io,until4954
fake+ryan06@randomcorp.com,April2012
fake+sobrien@techhub.ai,Prevent!69
fake+dwayne95@protonmail.com,Lightcyan267
fake+andersonlisa@service-mail.com,March2021
fake+stevengalvan@fastmail.net,during6373
fake+brianbriggs@testlabs.org,October1911
fake+sarnold@t-online.de,Factor!97
fake+donna75@outlook.com,January1920
fake+zjones@datenpost.de,paper5770
fake+davidharris@demoapp.cloud,staff3332
fake+michaelbuchanan@gmx.de,Z9Dnjs0yP2
fake+williamrios@yahoo.com,5ahoT1PwW
fake+michael31@protonmail.com,jeremy93
fake+donald26@randomcorp.com,Concern!48
fake+peter25@protonmail.com,theresa71
fake+christopher30@coolname.app,e9@v44GeH6_
fake+mbowen@netbox.tech,right7236
fake+millercheryl@hotmail.com,second7282
fake+raymondreyes@t-online.de,barbara46
fake+cassandra29@mailbox.org,henry35
fake+jill29@icloud.com,@I7VcBaR#a
fake+bullocknatalie@fastmail.net,January1962
fake+nperez@devmail.io,S921bNaN7gQ6
fake+johnsonjohn@gmx.de,im1o(KXT(5QzkLk
fake+zsweeney@mail.com,tax6057
fake+owebb@company.co,l68D*c%bX+
fake+hailey13@mail.com,2D3xDeSo4F
fake+jacob08@digitalmail.space,BuQ2aLr37D
fake+tblack@t-online.de,Dark!29
fake+daniel06@netbox.tech,Mention!89
fake+granthenry@mailbox.org,3bQmEKx
fake+rchambers@notarealmail.com,almost1765
fake+johnmarsh@student.edu,student9329
fake+carlos45@enterprise.biz,CJJ1cmfE7
fake+angela84@digitalmail.space,Send!38
fake+xwilliams@mydomain.net,Nature!36
fake+michael92@randomcorp.com,service5812
fake+lopezsandra@mydomain.net,Sit!71
fake+josephevans@testlabs.org,larry61
fake+watkinsdeborah@company.co,michele74
fake+vanessakramer@coolname.app,tQ!+9iCzU0^
fake+arnoldjason@gmail.com,May1987
fake+colemancharles@company.co,Seat!45
fake+wanderson@digitalmail.space,Quickly!37
fake+elizabethross@protonmail.com,Thousand!60
fake+dwang@mydomain.net,rebecca65
fake+joshualindsey@gmail.com,0I5JBz
fake+dianerussell@example.org,nicole16
fake+dawnhodges@enterprise.biz,Cornflowerblue809
fake+sarahreid@student.edu,jennifer94
fake+vcruz@mail.com,Ready!10
fake+natalie82@mailbox.org,Race!84
fake+pflores@outlook.com,Out!28
fake+clifford68@devmail.io,Darkslateblue823
fake+colemanjohn@digitalmail.space,xyfPK1Bv
fake+brendagonzalez@outlook.com,October1979
fake+derek47@t-online.de,joshua80
fake+franklinjames@service-mail.com,Republican!63
fake+millsjoseph@outlook.com,^LR+7AwT
fake+jonathonhawkins@datenpost.de,October2007
fake+igill@service-mail.com,September1901
fake+barbara36@notarealmail.com,manage8490
fake+kimberlylloyd@coolname.app,leslie57
fake+bryan06@gmail.com,Price!12
fake+bryantbrenda@randomcorp.com,subject4416
fake+kathrynmiller@techhub.ai,Industry!85
fake+ytran@icloud.com,9OGyB7
fake+brownandrew@aol.com,4rdRnE
fake+vincentjonathan@protonmail.com,March1932
fake+deannaoliver@icloud.com,April1999
fake+krystal12@student.edu,richard47
fake+sabrina70@service-mail.com,as2688
fake+anthonybrown@fastmail.net,xPXMvZcsQ6
fake+daviswilliam@t-online.de,building6845
fake+jessica61@hotmail.com,program8436
fake+floreseric@web.de,Orangered293
fake+petersonchristopher@notarealmail.com,Lightgoldenrodyellow803
fake+thomas06@yahoo.com,Moccasin814
fake+gabrielritter@aol.com,August1970
fake+jenningsdenise@outlook.com,Darkgray871
fake+vickie19@student.edu,&h*L$qdoq8*nWc
fake+brownwilliam@notarealmail.com,Lime842
fake+lrodriguez@yahoo.com,Class!42
fake+wward@company.co,meghan81
fake+christophersimon@service-mail.com,March2001
fake+award@service-mail.com,@$4^NJ3mGse
fake+rogersmichelle@web.de,Since!93
fake+juliefox@company.co,Him!20
fake+xbyrd@demoapp.cloud,Deepskyblue486
fake+denisejohnson@gmail.com,fill2453
fake+bryancohen@outlook.com,4P1QbJ
fake+uthompson@company.co,Whitesmoke662
fake+ronalddunn@student.edu,May1927
fake+brandyvasquez@mydomain.net,Lemonchiffon493
fake+davidburke@mail.com,EasSxdo!@6q
fake+agonzales@randomcorp.com,July1940
fake+obrienlaura@t-online.de,quite244
fake+meyernancy@yahoo.com,Help!96
fake+john67@protonmail.com,Wrong!98
fake+mooreemily@techhub.ai,rv76JhW*4#VvTh
fake+sandra18@randomcorp.com,Darkmagenta632
fake+maria13@datenpost.de,appear6203
fake+lynnsimpson@protonmail.com,Yes!25
fake+moliver@datenpost.de,protect5942
fake+awaters@mydomain.net,Cadetblue291
fake+stephanie90@datenpost.de,August2014
fake+qmiller@t-online.de,Call!32
fake+buckangela@notarealmail.com,Most!23
fake+kpage@yahoo.com,Bank!51
fake+cfriedman@notarealmail.com,melissa50
fake+michael56@icloud.com,brian75
fake+bodom@demoapp.cloud,have4672
fake+robinsoncandace@hotmail.com,Slategray104
fake+steven29@mydomain.net,7rkPNiP8^
fake+johnhurst@gmx.de,courtney95
fake+ksalazar@company.co,6*4lXY%xJpwU
fake+perezjeremy@outlook.com,Too!97
fake+eball@aol.com,Ivory666
fake+michael84@service-mail.com,kelly38
fake+derek44@protonmail.com,Blue943
fake+jamierichard@randomcorp.com,Lavenderblush563
fake+ballen@mail.com,Detail!73
fake+tannerbrittany@devmail.io,another4074
fake+danielcline@icloud.com,0m44Dcn
fake+frankkevin@mailbox.org,Later!38
fake+adamreeves@service-mail.com,October1946
fake+james37@gmail.com,factor5858
fake+nthomas@web.de,2DFTaw8x
fake+karenrivas@techhub.ai,Limegreen352
fake+antoniolyons@fastmail.net,E2w2eKeY7
fake+johnny93@t-online.de,Darkslateblue836
fake+foxdaniel@enterprise.biz,Skill!30
fake+brian31@gmx.de,OJ9Gnxob2b
fake+jodimoreno@web.de,Darkcyan637
fake+moorenancy@netbox.tech,July2024
fake+sara51@service-mail.com,Z+ZPFUDj)g2W9*V
fake+molinaemily@fastmail.net,Manager!69
fake+isanders@mailbox.org,darryl85
fake+amyjohnson@t-online.de,agree8344
fake+murphytammy@fastmail.net,religious638
fake+laurakhan@randomcorp.com,ysbJVB4K8N
fake+mswanson@techhub.ai,Sf6MFK7kQ^8O
fake+tracywilson@student.edu,D0kgiT24siS7
fake+raven44@datenpost.de,Purple350
fake+rogersangel@mailbox.org,N5p8Ks8
fake+luis12@mydomain.net,Seashell927
fake+glennlaurie@icloud.com,March1967
fake+patrick17@hotmail.com,minute546
fake+gibbsmelissa@service-mail.com,alexandria23
fake+rbryant@web.de,Lawngreen181
fake+molly54@testlabs.org,8XeSMdh
fake+natalie14@mydomain.net,0ZzDejh
fake+loweryjackie@mailbox.org,iN0d2Ogu
fake+duranernest@outlook.com,gMdd91y45
fake+charles53@enterprise.biz,Orangered527
fake+flee@enterprise.biz,System!48
fake+nathanshepherd@company.co,Draw!18
fake+ureyes@randomcorp.com,sean56
fake+carlsonjuan@protonmail.com,August1980
fake+thomaskristina@enterprise.biz,cole16
fake+lcampos@devmail.io,May1941
fake+lisa44@mailbox.org,Return!23
fake+michellemartinez@yahoo.com,deanna75
fake+christopherjones@company.co,r^0Jt#+tC
fake+nharris@demoapp.cloud,August1990
fake+byrdjames@outlook.com,Darkred481
fake+penakimberly@datenpost.de,September2013
fake+peter79@randomcorp.com,Foreign!34
fake+idaniels@student.edu,mvd1Iz
fake+pduncan@service-mail.com,FTT4XxwNfvd
fake+adrian48@mydomain.net,Darkgoldenrod692
fake+morrisdevin@datenpost.de,Moccasin668
fake+ithomas@gmx.de,Slateblue279
fake+lmckinney@techhub.ai,Table!57
fake+richard74@icloud.com,operation2214
fake+cooleygary@service-mail.com,Owner!96
fake+leblancallen@gmx.de,Om+3MSk_d
fake+wesleywood@enterprise.biz,jared70
fake+icox@devmail.io,annette34
fake+ugriffith@demoapp.cloud,play5413
fake+brian79@techhub.ai,b9lrkKtA
fake+elizabeth66@student.edu,July2010
fake+clarkcynthia@gmail.com,william42
fake+steven58@aol.com,6D2qI1
fake+harrisjulie@fastmail.net,Man!13
fake+collierjessica@testlabs.org,mP88Wkor$8&4hWNu
fake+peter98@randomcorp.com,Saddlebrown741
fake+caroljohnson@t-online.de,Rosybrown600
fake+robertsalazar@gmx.de,m_f1J$bfh
fake+james90@gmx.de,Maybe!20
fake+medinaeddie@yahoo.com,Moccasin821
fake+andersonandrew@netbox.tech,Reveal!63
fake+samuelgeorge@web.de,Read!55
fake+omurray@notarealmail.com,After!20
fake+stephanie14@devmail.io,$HsN3Rlpy#U2
fake+bmason@demoapp.cloud,stephanie16
fake+wilsonsteven@mailbox.org,February1912
fake+ijohnson@service-mail.com,Dream!17
fake+ericcunningham@mail.com,data6813
fake+martinkimberly@mailbox.org,lawyer4386
fake+miranda65@icloud.com,qTLVKZkI667
fake+xochoa@datenpost.de,rule884
fake+williamnoble@gmx.de,Papayawhip974
fake+trujilloashley@testlabs.org,Public!59
fake+luis71@t-online.de,E!Lr1Boy%2
fake+austinjohnson@student.edu,c2fcF(fP*r3mN$
fake+stacieallen@protonmail.com,May1991
fake+danielle33@protonmail.com,Effort!53
fake+fcook@gmx.de,Four!10
fake+alyssabryant@enterprise.biz,Indigo307
fake+derekmcdonald@protonmail.com,Draw!14
fake+rachaelhinton@netbox.tech,OHWoLhDl5
fake+cookgreg@gmail.com,October1918
fake+michelle95@gmail.com,o4OoimE
fake+jillphillips@company.co,W8YE5ig
fake+greenfelicia@aol.com,Forestgreen142
fake+fhenry@devmail.io,During!99
fake+campbellroger@netbox.tech,Indianred278
fake+huynhangela@techhub.ai,information9732
fake+djones@aol.com,qngLmXZja3mM
fake+jamesjennifer@datenpost.de,Measure!76
fake+caroline87@mailbox.org,establish6190
fake+mitchell73@outlook.com,)^P(%hlv1
fake+johnmccall@mailbox.org,6SIRMVy
fake+qdennis@mydomain.net,October1995
fake+uwatts@gmail.com,JfU5vNZX57y
fake+vanessa04@example.org,February1926
fake+maldonadorandy@randomcorp.com,9JlCvSvk
fake+courtney72@hotmail.com,amanda97
fake+jenniferbaker@notarealmail.com,christopher48
fake+qhawkins@example.org,someone1773
fake+lawrenceemily@example.org,m%Kr)LxnB&K2
fake+john24@devmail.io,C_9QkSgh4+
fake+zvaughn@outlook.com,eric46
fake+brian30@protonmail.com,Darkmagenta159
fake+haasashley@t-online.de,6OpW8Gr5
fake+sara58@gmx.de,Silver714
fake+iford@aol.com,December1957
fake+brandonsmith@protonmail.com,Serve!96
fake+eric77@testlabs.org,^@v32nx)hX6Eg5
fake+perezjessica@gmx.de,E1c4SGjiaL
fake+jwilson@digitalmail.space,daniel51
fake+melissa03@testlabs.org,June1979
fake+arnoldsteven@yahoo.com,Enter!10
fake+lgalvan@coolname.app,pass8987
fake+fergusonjasmine@digitalmail.space,Darkgoldenrod481
fake+stephenlester@datenpost.de,Once!12
fake+willie31@company.co,charles76
fake+john88@gmail.com,alexandria77
fake+fitzgeralddouglas@service-mail.com,May1973
fake+rojasbryan@yahoo.com,^TvDxepg&4u8N9
fake+asutton@outlook.com,edward33
fake+marco04@enterprise.biz,Maintain!29
fake+dakota76@fastmail.net,Maroon294
fake+brianbell@aol.com,x3MqQ3xCyEV
fake+tony22@web.de,Linen995
fake+dillonmichaela@fastmail.net,55WOJpVV
fake+leonardalexandra@devmail.io,bobby25
fake+anthony46@aol.com,michael77
fake+boydrichard@notarealmail.com,Orange602
fake+rkim@protonmail.com,andrea54
fake+clementsnichole@aol.com,)Nvs(1Ux)$+
fake+hallsandra@mailbox.org,2FgHbikDaxj
fake+jmiller@randomcorp.com,April1902
fake+taylormary@randomcorp.com,5fM%KaVm@rUhP(V
fake+ijohnson@fastmail.net,amy68
fake+marytrevino@randomcorp.com,treatment2348
fake+sjackson@gmx.de,war4053
fake+jenny20@notarealmail.com,vhXcYAlf0H
fake+coledominique@enterprise.biz,Assume!68
fake+kingmary@randomcorp.com,Skyblue780
fake+charlotteevans@hotmail.com,hit399
fake+lking@netbox.tech,u&0EFA(tpR9)U
fake+curtisvargas@netbox.tech,just2519
fake+courtney63@randomcorp.com,Yellowgreen184
fake+melissa96@service-mail.com,%lT^pPIxx3%
fake+lcarter@digitalmail.space,picture1077
fake+angela41@datenpost.de,Learn!35
fake+charleswilliam@service-mail.com,heather25
fake+ypatrick@example.org,Burlywood645
fake+qcampos@student.edu,Royalblue832
fake+elizabethferrell@protonmail.com,wayne68
fake+mhunt@student.edu,kelly40
fake+ushepard@icloud.com,k5cjrR&y&_C
fake+qwebb@aol.com,7iiK8BXzUGr
fake+kromero@student.edu,5nDXknQivRY
fake+kaitlyn54@datenpost.de,897z3HFo
fake+troygonzalez@digitalmail.space,thomas12
fake+matthew40@outlook.com,7M1bZROi8T$FpVkE
fake+panderson@web.de,HLz4jJju05
fake+alexandracarter@gmx.de,mallory56
fake+taylor01@service-mail.com,#I89VIgUc&
fake+edavis@devmail.io,February2014
fake+moorechristopher@web.de,^Lp8Cak%05
fake+zrobinson@icloud.com,J4D0w9
fake+nicholsondouglas@example.org,4q@6Gug7
fake+michelemiller@example.org,9zrwyorxrZ
fake+dunnfelicia@gmx.de,September1956
fake+matthew17@company.co,Lightblue999
fake+matthewvalencia@t-online.de,rhonda61
fake+martinezwilliam@protonmail.com,September1977
fake+phillipcarter@icloud.com,ZxD4ABqhg
fake+craigjimenez@mail.com,Control!32
fake+victoria52@coolname.app,Card!50
fake+morgan84@digitalmail.space,sx5eAusJOB
fake+qturner@student.edu,September1995
fake+howardcindy@randomcorp.com,Coral744
fake+rochadustin@mailbox.org,ZFV)2YSn!*XZ
fake+farmeredward@coolname.app,charles99
fake+kchung@aol.com,Lightgoldenrodyellow577
fake+tonybrown@gmail.com,October1927
fake+jneal@student.edu,Own!20
fake+amy18@notarealmail.com,like9777
fake+ywilliams@testlabs.org,December1973
fake+andrewramirez@notarealmail.com,Seashell425
fake+johnbrown@service-mail.com,October1997
fake+desiree68@company.co,095DrkVlKfMw
fake+qmendoza@notarealmail.com,April1946
fake+martinezchristy@web.de,mX1X0Rw
fake+williamscindy@fastmail.net,jacob48
fake+christina55@gmx.de,Lime800
fake+weberdavid@devmail.io,+!uM2Zqh
fake+mosscarla@netbox.tech,Like!53
fake+christophermosley@digitalmail.space,seem8506
fake+millermichelle@netbox.tech,Darkkhaki559
fake+alan47@yahoo.com,April1905
fake+kathryn16@digitalmail.space,Stock!17
fake+fryerobert@testlabs.org,Azure942
fake+welchstephanie@gmx.de,skill9816
fake+christopher07@devmail.io,LT0F0s
fake+tstrong@yahoo.com,4e2ZN7pl0L@
fake+george70@web.de,N2L1tM^S+q2zZ_
fake+perezshannon@randomcorp.com,Place!76
fake+charleswade@enterprise.biz,July1909
fake+wsmith@techhub.ai,trade6804
fake+sheila14@randomcorp.com,only2482
fake+april12@company.co,May1955
fake+williamgarcia@service-mail.com,Professor!11
fake+corr@service-mail.com,November2009
fake+bensonjudy@company.co,August2003
fake+vazquezjames@icloud.com,vdS(1YEdlK
fake+peterspencer@yahoo.com,December1922
fake+dylanlozano@aol.com,brother6201
fake+michaelfisher@digitalmail.space,7pWPes
fake+romanjoshua@mail.com,joshua14
fake+ortegamark@hotmail.com,Team!84
fake+jacob07@randomcorp.com,September1949
fake+pbecker@techhub.ai,August1933
fake+brownamber@outlook.com,Write!76
fake+edward95@randomcorp.com,May2001
fake+michelle98@demoapp.cloud,k$M*49So*s
fake+mvargas@t-online.de,77BOUy
fake+anorton@digitalmail.space,justin59
fake+palmerjasmine@yahoo.com,7jZ3cHtkV%ko
fake+woodskathy@coolname.app,mitchell65
fake+kenneth40@mydomain.net,Fact!96
fake+kevinrobinson@company.co,Goldenrod838
fake+brianbradley@fastmail.net,Limegreen556
fake+elainenewman@t-online.de,February1928
fake+william06@student.edu,*L7!MpWi(C5
fake+vrios@netbox.tech,george34
fake+geoffrey97@protonmail.com,Jl5Yee
fake+smithlaura@techhub.ai,July2020
fake+michaelgreen@testlabs.org,Unit!35
fake+pbaker@randomcorp.com,richard34
fake+dweaver@company.co,@^5Tzypql
fake+natasha34@netbox.tech,christopher20
fake+melodymccoy@yahoo.com,Any!45
fake+garypatterson@student.edu,section669
fake+monicajohnson@t-online.de,tax6732
fake+amandagonzalez@notarealmail.com,hot553
fake+htorres@digitalmail.space,Mintcream138
fake+mark23@example.org,Admit!51
fake+leejoseph@outlook.com,Mediumorchid142
fake+mstewart@example.org,Newspaper!87
fake+christopherhardy@netbox.tech,Bar!32
fake+flong@digitalmail.space,Western!10
fake+deleonthomas@t-online.de,ball3883
fake+ashley18@web.de,see7791
fake+edward13@mailbox.org,#dy6NOW0hYAtVe5
fake+brockrichard@enterprise.biz,July1957
fake+donnadavenport@enterprise.biz,Campaign!55
fake+qhorton@datenpost.de,8rwB1m
fake+unelson@mydomain.net,gHejK8xZ!)%zAX
fake+edward22@techhub.ai,September1955
fake+ellissusan@mail.com,December1907
fake+jenna67@techhub.ai,March2010
fake+sarah85@netbox.tech,January1909
fake+rhondamartin@service-mail.com,international9934
fake+lucasstephanie@netbox.tech,0rbLm78n1M
fake+silvaleslie@student.edu,Beige304
fake+austin35@gmx.de,monica24
fake+scottdunn@aol.com,April1959
fake+rboone@example.org,chance6403
fake+dianacortez@mail.com,Key!65
fake+jimmywilson@student.edu,Green346
fake+zacharysimpson@protonmail.com,give4569
fake+davidmyers@example.org,December2019
fake+jennifer25@demoapp.cloud,david18
fake+brianreeves@protonmail.com,&ClHciuMa8@
fake+mercerrebecca@web.de,Go!73
fake+reeseamy@enterprise.biz,tell5090
fake+karen48@demoapp.cloud,start9395
fake+brenda22@gmx.de,Q7cwJpaL49
fake+james81@coolname.app,Whom!53
fake+hessmary@outlook.com,vYt6cSm7sgb
fake+jamesellen@datenpost.de,pG69gIyfhE++j0D
fake+patrick49@netbox.tech,Darkorange493
fake+thomasphillip@gmx.de,within1063
fake+sandersjustin@web.de,colton81
fake+drose@digitalmail.space,medical4564
fake+ldavis@demoapp.cloud,rodney49
fake+mitchellanna@digitalmail.space,xGT1AC9w917
fake+kristenbrown@mail.com,593zZq
fake+wmoreno@web.de,crystal47
fake+vgonzalez@datenpost.de,0LbkcQ
fake+joyce38@datenpost.de,Lightblue620
fake+douglasjones@icloud.com,Wide!60
fake+cynthia71@gmx.de,inside7685
fake+shannon58@randomcorp.com,_&33B!Jis^RNyI
fake+samueldominguez@netbox.tech,College!12
fake+harrisonmark@mail.com,0V!dJ%A_%0Nl8
fake+morgan71@yahoo.com,main4281
fake+sarah24@randomcorp.com,April1961
fake+kmartinez@gmail.com,Khaki709
fake+knightdavid@icloud.com,RtqHvVwf4snu
fake+tyler01@student.edu,S#HbpWig!(d0
fake+emilybean@icloud.com,PxVWdgVm4
fake+alvaradoshaun@hotmail.com,Lightslategray741
fake+emily30@techhub.ai,Pretty!92
fake+wutodd@fastmail.net,February1911
fake+audrey06@gmx.de,carolyn11
fake+hoovermary@randomcorp.com,all1213
fake+hollyherrera@randomcorp.com,zachary61
fake+ufischer@netbox.tech,September1922
fake+jenniferburton@service-mail.com,B6IJKLdQ5HM
fake+deborah19@t-online.de,January1982
fake+jamesnelson@hotmail.com,pW9jjFus
fake+doughertycalvin@mail.com,March2023
fake+moralesleslie@icloud.com,Bed!97
fake+brad68@student.edu,September1906
fake+amberhurley@web.de,September2023
fake+andrea86@protonmail.com,Yellow674
fake+kristina60@netbox.tech,brent58
fake+daviskelly@randomcorp.com,justin15
fake+seanreynolds@service-mail.com,October1911
fake+dalepatterson@datenpost.de,steve60
fake+andersonjennifer@t-online.de,Darkgray361
fake+middletonjeffrey@gmx.de,Throw!51
fake+hopkinsmaureen@coolname.app,bethany92
fake+marshallrodney@company.co,Lavenderblush556
fake+summer35@yahoo.com,Compare!16
fake+norma12@company.co,Mediumaquamarine519
fake+tracy49@gmx.de,makayla53
fake+gbrown@protonmail.com,Born!99
fake+andersonnicholas@mail.com,indicate8376
fake+ericaschultz@testlabs.org,new9790
fake+robinsonjoanne@protonmail.com,zJA3KIfa
fake+pbaker@datenpost.de,adult2653
fake+fwilcox@gmx.de,January1986
fake+gary77@testlabs.org,&Upm(4yBl1$P
fake+heatherwalters@notarealmail.com,Darkslategray976
fake+greenstephanie@mydomain.net,carlos81
fake+kevinwilliams@fastmail.net,else4678
fake+doconnor@gmail.com,CYD7LkwG3R#
fake+damon84@company.co,carla89
fake+samanthaclements@enterprise.biz,Powderblue445
fake+woodstephanie@outlook.com,emily62
fake+sharppaula@service-mail.com,Responsibility!54
fake+noah39@company.co,4qmo7z8qPoN
fake+martinteresa@enterprise.biz,UXFCv7Op!4iQE
fake+rmorgan@t-online.de,adriana85
fake+sharonbeasley@demoapp.cloud,nathaniel38
fake+smithjoshua@fastmail.net,Central!65
fake+bakerjoseph@gmx.de,might5405
fake+boydjustin@digitalmail.space,February1984
fake+tbailey@techhub.ai,jonathan83
fake+esparzamatthew@example.org,March1997
fake+matthewmoore@devmail.io,August2003
fake+jessicajones@netbox.tech,ZhLJTcDi1
fake+lindahartman@techhub.ai,July1922
fake+powerscaitlyn@enterprise.biz,September2015
fake+matthew12@coolname.app,7XGmOZpc8
fake+donna64@demoapp.cloud,^Z4Zt#d5w3IWN
fake+thomasknapp@t-online.de,February1960
fake+jordan32@datenpost.de,Blanchedalmond524
fake+uwatkins@mydomain.net,Cornflowerblue101
fake+emilyfuentes@netbox.tech,Mediumseagreen639
fake+elainegrant@protonmail.com,Darkkhaki238
fake+lewisjames@notarealmail.com,amount6523
fake+qclark@digitalmail.space,call8518
fake+evansjonathan@example.org,Include!80
fake+jdixon@gmx.de,consumer2708
fake+codyrobertson@mail.com,Ghostwhite560
fake+tclark@aol.com,sarah49
fake+cheryl46@aol.com,August2008
fake+sandovaljohn@testlabs.org,donna88
fake+curtisgomez@aol.com,2ByMNv
fake+johnny53@icloud.com,88MJqjbPaSva
fake+thompsonrenee@web.de,15WqTkDnYja
fake+matthew94@digitalmail.space,Goldenrod573
fake+linda74@example.org,A3zYNdf7Zif
fake+wgalvan@protonmail.com,whitney12
fake+hansonjoseph@outlook.com,RkO9PfaBL6Z
fake+codyleon@web.de,I80knkBgbi
fake+mcgeerandy@fastmail.net,December1945
fake+kiarawilliams@mailbox.org,November1983
fake+ricky63@example.org,Past!26
fake+brooksjason@notarealmail.com,thank7733
fake+amandawright@hotmail.com,Lime821
fake+stephanie88@devmail.io,September1969
fake+nhorton@digitalmail.space,Beige550
fake+shammond@service-mail.com,Past!82
fake+lsilva@company.co,Darkgray906
fake+sharonreynolds@service-mail.com,u6YDtOlmS1KU
fake+juan61@aol.com,benjamin52
fake+marilynanderson@outlook.com,anything9086
fake+ihale@web.de,May1953
fake+jason82@testlabs.org,Central!94
fake+tandrews@outlook.com,from9217
fake+deleonleslie@mydomain.net,Azure882
fake+donaldsonangelica@datenpost.de,mission9016
fake+kwall@t-online.de,Darkorange667
fake+nicolelarsen@enterprise.biz,Somebody!69
fake+jacksonbutler@yahoo.com,Wrong!28
fake+ggray@t-online.de,TJ98+Pad(_
fake+sararice@company.co,Darksalmon347
fake+ddillon@netbox.tech,Tree!79
fake+jenniferjackson@student.edu,c7KOtb
fake+christopherfarmer@techhub.ai,Olivedrab229
fake+linda48@company.co,Time!92
fake+sharon48@mailbox.org,movie3827
fake+jackie04@protonmail.com,November1971
fake+heatherallison@notarealmail.com,Navy809
fake+devin89@student.edu,0gW*lR*Fj)K9do
fake+dianatucker@student.edu,Brown691
fake+theresa46@mail.com,June1965
fake+michaelreyes@hotmail.com,donald25
fake+walkertom@t-online.de,picture8552
fake+michael65@mydomain.net,Single!42
fake+caleb32@web.de,tiffany35
fake+dianeryan@coolname.app,entire408
fake+carl03@gmx.de,%V^94#Tk
fake+ibaker@datenpost.de,chad48
fake+mccormickryan@enterprise.biz,Antiquewhite352
fake+martinezmark@outlook.com,another1970
fake+mollylester@web.de,6w1bFFZdiSpW
fake+matthewrobinson@datenpost.de,Deeppink310
fake+oedwards@icloud.com,Include!30
fake+elizabethroberts@devmail.io,March1911
fake+jonesana@digitalmail.space,Lightgreen760
fake+christinemcgrath@digitalmail.space,5vQiZrr50
fake+jason10@notarealmail.com,Orangered849
fake+joshuapatterson@hotmail.com,UX6OXz4rqQ
fake+dean10@notarealmail.com,worry3552
fake+wongchelsey@company.co,scott67
fake+tarajohnson@demoapp.cloud,benjamin90
fake+emilyallen@mail.com,February1900
fake+danielherring@hotmail.com,U1AvRy
fake+jeffreywatson@devmail.io,uY9eQv
fake+kfrederick@example.org,cheryl45
fake+jonathan20@protonmail.com,&2PQTu!xIv
fake+donaldkaiser@fastmail.net,Violet822
fake+matthewcolon@testlabs.org,Limegreen812
fake+matthewherrera@icloud.com,Tough!71
fake+ramosvirginia@mailbox.org,!I8e59pK_GB8H
fake+jordanscott@gmx.de,Black706
fake+cgarcia@mydomain.net,brandon93
fake+mitchelltim@mail.com,david76
fake+leblancnicholas@coolname.app,December1919
fake+fosterandrew@demoapp.cloud,suggest6599
fake+snowsusan@notarealmail.com,Computer!21
fake+greenjeffrey@aol.com,Improve!73
fake+mooreandrea@protonmail.com,July1976
fake+timothy49@fastmail.net,Seashell182
fake+whitneydavid@techhub.ai,option3529
fake+tanyarobinson@yahoo.com,May2022
fake+gjackson@mydomain.net,discover6219
fake+kristin01@outlook.com,Past!15
fake+durhamcarolyn@coolname.app,jennifer54
fake+michael47@t-online.de,U4gYxNU
fake+kristenblack@coolname.app,t_H#3G%j_b
fake+williamhaas@service-mail.com,chelsea91
fake+desireeramos@mailbox.org,kathy97
fake+donaldlopez@randomcorp.com,military8471
fake+michealblankenship@mydomain.net,kimberly40
fake+janet00@t-online.de,LpWTq6Wd0
fake+courtney64@aol.com,OtHUAUgh5BM
fake+kathleen85@service-mail.com,IH9kQAqJ
fake+xgilbert@mydomain.net,cDvH_f2jw3X%9
fake+philipfrancis@gmx.de,david47
fake+robertblackwell@fastmail.net,julia71
fake+fsmith@web.de,Or!85
fake+andersonbrandi@icloud.com,rachel88
fake+fisheranna@gmail.com,nicholas24
fake+pcollins@web.de,Lightseagreen745
fake+valdezscott@mailbox.org,jeremiah29
fake+rebecca15@datenpost.de,Science!59
fake+nathanrose@devmail.io,1zHE6qMR
fake+osmith@gmx.de,wrong8857
fake+blewis@t-online.de,May1907
fake+ericajensen@datenpost.de,rhonda49
fake+nfigueroa@student.edu,January1921
fake+sbenson@randomcorp.com,March1925
fake+patelderrick@student.edu,Per!14
fake+scott37@mailbox.org,7pUKtp4
fake+phyllisfuentes@example.org,1IXJRdI
fake+seanbrown@mydomain.net,8(8LWa1q^5
fake+patrick58@enterprise.biz,Darksalmon511
fake+fosterjulie@company.co,_s6QqUUIi3
fake+elizabeth22@notarealmail.com,August1992
fake+garciaelizabeth@enterprise.biz,anthony41
fake+maryrasmussen@company.co,officer4681
fake+lwatkins@icloud.com,debra42
fake+johnsonautumn@techhub.ai,administration3318
fake+cwhite@gmail.com,&Tc&++RtP8O*3I
fake+laura89@notarealmail.com,5yFg6yiGYF
fake+bguerra@protonmail.com,happy5869
fake+ryan30@hotmail.com,U4NSVoWvCB
fake+ericleonard@outlook.com,March1934
fake+cbarnes@enterprise.biz,john71
fake+waltersjonathan@devmail.io,connor13
fake+mary15@testlabs.org,Upon!58
fake+michael43@aol.com,January2019
fake+joshua02@aol.com,^@wO3lW4q8L
fake+amanda82@notarealmail.com,gD3RgMJr
fake+jacobsjake@randomcorp.com,Gray871
fake+michael52@gmail.com,September1951
fake+monica13@outlook.com,Navajowhite247
fake+lsanchez@randomcorp.com,Stage!49
fake+psimpson@coolname.app,sherri46
fake+jmccullough@company.co,December2015
fake+lucerocolton@hotmail.com,wonder35
fake+everettmary@yahoo.com,BlDLubXy04O
fake+bcollins@devmail.io,GXMoXJuaI05
fake+glynch@mailbox.org,matthew45
fake+brooksemily@devmail.io,Town!58
fake+swansongeorge@testlabs.org,morning3587
fake+halljared@mail.com,January2003
fake+tpeterson@example.org,carol31
fake+wagnermegan@icloud.com,matthew15
fake+lewisdavid@outlook.com,6ShzWGey1T
fake+uturner@protonmail.com,Summer!94
fake+lisa05@datenpost.de,%xRx&z_yK1@v
fake+ballardmike@coolname.app,o)FY#8iws0q+A
fake+jonathan60@yahoo.com,87ArKyrJX0sB
fake+sweeneythomas@demoapp.cloud,faVQiiJ%&J5G)YL0
fake+christopher64@outlook.com,3ZVo5Ra
fake+kerryblack@datenpost.de,R6V^Q2Ci+_r
fake+christine97@example.org,Lavenderblush829
fake+nathan71@netbox.tech,September1904
fake+kennethjohns@outlook.com,dream7284
fake+danielgomez@mailbox.org,Maroon899
fake+lisawashington@gmail.com,World!20
fake+colinolson@randomcorp.com,e3H*Ih)I$l@V
fake+heatherholloway@testlabs.org,Mediumslateblue775
fake+emilywright@coolname.app,Moccasin929
fake+hernandezdylan@devmail.io,9vggwT8jtJ
fake+michelleross@devmail.io,Free!14
fake+patriciamooney@enterprise.biz,bbba0Ug0DA
fake+faulknermartha@notarealmail.com,katie52
fake+hebertleah@protonmail.com,%f7mpOou
fake+maryjones@datenpost.de,Pj6AIj
fake+christian60@datenpost.de,Limegreen559
fake+perryjenny@web.de,32F05Ygvz3Yo
fake+mendozaseth@netbox.tech,michael66
fake+wileytina@gmx.de,%b4fY!jSW9E
fake+smithhunter@aol.com,Level!73
fake+ewarren@example.org,Any!28
fake+phamilton@icloud.com,3Q0oB2jb
fake+hmartin@randomcorp.com,sYUdOJ4i8
fake+floreschelsea@protonmail.com,site7979
fake+mccoylori@gmail.com,kcdKvvil3KX6
fake+timothylong@notarealmail.com,U4TYvX1mhp
fake+frichards@example.org,July2008
fake+jdunn@company.co,street1607
fake+coffeyjennifer@example.org,kevin64
fake+andersondominique@fastmail.net,zOFa5wHef
fake+oashley@hotmail.com,_559+Hq0
fake+christysalazar@coolname.app,us5289
fake+timothythomas@randomcorp.com,September1913
fake+gary70@student.edu,daniel64
fake+vgarcia@fastmail.net,linda29
fake+martinemily@t-online.de,ability8182
fake+ngutierrez@t-online.de,Tan548
fake+aprilcarter@yahoo.com,force5317
fake+cesar41@netbox.tech,u@48l%ORHl
fake+sarahsmith@mail.com,max94
fake+jason27@aol.com,e9Lqq82zgK
fake+jeffrey22@coolname.app,history1349
fake+pstewart@t-online.de,Yet!50
fake+ellisjeffery@techhub.ai,brooke76
fake+richardthompson@devmail.io,April1962
fake+smithdavid@notarealmail.com,Blueviolet481
fake+kimhoward@demoapp.cloud,Thistle213
fake+nicole96@mydomain.net,c#dRiKvzOm7Wj
fake+harpergabriel@randomcorp.com,Foreign!26
fake+wayala@demoapp.cloud,Royalblue644
fake+byrdthomas@enterprise.biz,6M+Bfvfv105
fake+pperry@randomcorp.com,April1940
fake+john62@icloud.com,Poor!13
fake+navarrodevin@datenpost.de,3xk&5CQg
fake+rcervantes@randomcorp.com,marcus45
fake+jill51@mydomain.net,March2009
fake+williamsbrenda@techhub.ai,AvcQdsNe0
fake+ggriffith@netbox.tech,Message!47
fake+diane05@example.org,whom80
fake+mpowell@web.de,exFRqYXh3y
fake+csingleton@datenpost.de,hundred246
fake+april92@aol.com,my7485
fake+kylebautista@randomcorp.com,Leader!17
fake+sharris@digitalmail.space,gmK0GInb54
fake+tamara55@testlabs.org,early5442
fake+kennedyomar@aol.com,June1907
fake+smithjennifer@testlabs.org,January1987
fake+michelle36@techhub.ai,^&1*ASrFU
fake+jblair@gmx.de,^9Qtwf*VY
fake+uburns@randomcorp.com,Indicate!31
fake+johnhayes@enterprise.biz,&4Qc1eXtbS%
fake+szhang@mailbox.org,Cadetblue239
fake+matthewmorrison@netbox.tech,karen36
fake+petersondaniel@digitalmail.space,head1893
fake+xchandler@randomcorp.com,larry69
fake+ryan56@techhub.ai,April1930
fake+ctucker@mydomain.net,March2011
fake+tlee@gmail.com,LuRMQRxy8
fake+charleslewis@protonmail.com,Salmon980
fake+lesliejones@mail.com,brett37
fake+diane08@t-online.de,Stuff!11
fake+silvajoyce@aol.com,lW1sMqeZ
fake+myersangelica@devmail.io,character7572
fake+bkim@coolname.app,9fVmrzqvs
fake+matthewbates@mail.com,Firebrick963
fake+lambertvictoria@mydomain.net,Rosybrown596
fake+jesse75@fastmail.net,January1911
fake+jfuller@coolname.app,avoid3893
fake+williamsdeborah@example.org,May1982
fake+smaldonado@testlabs.org,pamela23
fake+dale97@gmail.com,4ZDlcBIIks5
fake+thomascharles@mydomain.net,agree2048
fake+kmitchell@protonmail.com,Fill!87
fake+joshuaobrien@devmail.io,joseph91
fake+ohill@outlook.com,david80
fake+greenkevin@service-mail.com,Steelblue116
fake+cooperpatricia@outlook.com,Lightseagreen131
fake+judy40@demoapp.cloud,May1931
fake+burtoncarl@demoapp.cloud,Cyan118
fake+qjenkins@protonmail.com,Traditional!51
fake+eadams@devmail.io,%7Oa@R4rqb9U(
fake+kimberly08@randomcorp.com,February1921
fake+clarkthomas@gmx.de,December1918
fake+jenkinskendra@mydomain.net,!SbTP^3068Ko7n
fake+paula58@web.de,May2009
fake+amywalsh@company.co,iqtEePOg6ik
fake+leemichael@mail.com,threat5157
fake+byrdmargaret@datenpost.de,amanda92
fake+gmoss@notarealmail.com,kathleen73
fake+aperry@netbox.tech,VKSDDLblQH4
fake+charles17@enterprise.biz,ef2idBJzG
fake+amanda78@netbox.tech,jenna19
fake+angelaortiz@mail.com,start2925
fake+curtisdavenport@gmx.de,Mediumslateblue883
fake+elizabeth35@example.org,Represent!14
fake+dwilson@coolname.app,jay97
fake+david07@fastmail.net,V8mQbV
fake+sharpryan@fastmail.net,November2024
fake+linda60@yahoo.com,end3238
fake+joshuacarroll@notarealmail.com,(96DbwOxsDXG
fake+marcusmcfarland@testlabs.org,Snow520
fake+gcastro@randomcorp.com,#K9PvgAluK
fake+diana89@techhub.ai,Palegoldenrod928
fake+robert37@protonmail.com,robert56
fake+carrolljeremy@company.co,February1966
fake+gardnerbarbara@company.co,film8471
fake+hardycrystal@devmail.io,alexis39
fake+eric36@techhub.ai,andrew82
fake+mauricecole@techhub.ai,say2501
fake+hendersonjoseph@datenpost.de,1jcYtzeh@H
fake+kimdawn@fastmail.net,Ago!80
fake+sarahmacdonald@datenpost.de,72PKEiWYhDi
fake+lisa48@company.co,single8165
fake+kenneth63@icloud.com,Mrs6886
fake+navarromelissa@testlabs.org,D2JCMydm
fake+arojas@devmail.io,Financial!60
fake+sonyavaldez@gmail.com,Lightsteelblue936
fake+chad50@student.edu,Suffer!65
fake+robinsonlindsay@notarealmail.com,Olive131
fake+jennifer28@company.co,Cell!94
fake+sophialeon@gmx.de,December1986
fake+asmith@yahoo.com,February1992
