fake+UPDATE@company.co,emily11
fake+UPDATE@company.co,emily11
fake+blakebrianna@datenpost.de,Lightslategray965
fake+john66@enterprise.biz,Present!42
fake+dayleslie@mydomain.net,memory2373
fake+michaelthomas@fastmail.net,sing6012
fake+brodriguez@company.co,+RCczKMKGO81_
fake+jason23@techhub.ai,$o5Cn0TjUYT
fake+danielsjacob@service-mail.com,austin90
fake+elozano@t-online.de,September1984
fake+sarah27@digitalmail.space,CaWSnzs5$8PV_
fake+susan25@service-mail.com,5GHbTrs
fake+tfields@digitalmail.space,Moccasin892
fake+bethsmith@devmail.io,December2006
fake+timothy03@notarealmail.com,January1957
fake+alexisingram@yahoo.com,Car!85
fake+raymondhernandez@mail.com,Natural!64
fake+erika74@service-mail.com,Effect!19
fake+dawnevans@outlook.com,Snow870
fake+cbrown@aol.com,Maroon824
fake+marvingonzalez@testlabs.org,actually1018
fake+james48@notarealmail.com,April1906
fake+michele15@outlook.com,BP5IR4f$p@&@CJ7
fake+samanthapadilla@gmail.com,c$r64ZJhzgE)aG
fake+mccoydawn@notarealmail.com,william51
fake+angelamathews@student.edu,Lawyer!91
fake+ramosjeremy@datenpost.de,_9C*xNec9
fake+maria89@mydomain.net,yeah684
fake+ryan35@devmail.io,)6D8zURf
fake+jhardy@mail.com,b1T$W@5_SnRz0w4p
fake+romerosarah@netbox.tech,I4290
fake+cdoyle@demoapp.cloud,Green702
fake+gutierrezmelissa@techhub.ai,July1971
fake+joseph28@coolname.app,March1925
fake+jennifer64@testlabs.org,term8829
fake+kevin62@fastmail.net,October1998
fake+jenniferkeith@outlook.com,3MFRxEsuP76N
fake+angelicahardy@testlabs.org,Mediumseagreen875
fake+ronaldbanks@example.org,catherine94
fake+saracampbell@coolname.app,Special!67
fake+christinaharris@protonmail.com,Democrat!18
fake+danielpeters@randomcorp.com,3TlYiKlHuFW0
fake+sarah42@icloud.com,Black498
fake+sray@notarealmail.com,Lightsalmon935
fake+stewartashlee@aol.com,roger16
fake+rhonda45@example.org,December1926
fake+charleshernandez@service-mail.com,iU5L7skQ81O
fake+sylvia23@mailbox.org,Prevent!71
fake+michaeloneal@company.co,Darkgray706
fake+angelica00@mailbox.org,8zM*E6Dj)xr#8
fake+ashley73@techhub.ai,5ocTIEuHd9E
fake+anna70@digitalmail.space,Site!28
fake+thomasolson@netbox.tech,debra77
fake+tiffanyjohnston@devmail.io,kf4me9Zmo
fake+matthewshields@student.edu,Qh*z1ZPnU
fake+yhatfield@service-mail.com,q2XvRFRNgu0
fake+ryanholmes@example.org,Black518
fake+cruzmargaret@icloud.com,2uOEq9
fake+leerodney@t-online.de,Forestgreen381
fake+nicholemorgan@web.de,among7375
fake+jeffgonzalez@gmx.de,Palevioletred593
fake+perezdaniel@coolname.app,October1947
fake+stantoncheryl@fastmail.net,d)(s3mq1n#_TRz
fake+juliagarcia@gmail.com,q_oZ0osqcU09T
fake+bclark@outlook.com,campaign6803
fake+victorwalsh@notarealmail.com,November1999
fake+uwalker@techhub.ai,tn8Em4RXr85
fake+vrush@enterprise.biz,b6_5Nd0s@$ZT*a
fake+bryce06@randomcorp.com,Xq5FyO8g
fake+craigdaniel@testlabs.org,A6LCrr
fake+michael69@techhub.ai,ev8N&Hh^I#_XaKF@
fake+kevin94@coolname.app,age2415
fake+matthewjimenez@student.edu,kimberly21
fake+vblair@demoapp.cloud,September1933
fake+mitchellingram@demoapp.cloud,January1984
fake+theodoregarcia@gmail.com,December2021
fake+qfleming@aol.com,Qnb$i5Lo
fake+anne77@testlabs.org,April1980
fake+mayspatricia@datenpost.de,February1974
fake+cfox@devmail.io,grace35
fake+bmoore@digitalmail.space,kim56
fake+cpope@randomcorp.com,Cadetblue831
fake+craigshah@example.org,September1935
fake+james16@coolname.app,Uwg5o7Wm1
fake+katherinehall@aol.com,l1Fp1IkFfx^V#4
fake+sarahmathis@devmail.io,8zB0Y1XW8%MRH!
fake+charlotte90@enterprise.biz,December1957
fake+peggynguyen@service-mail.com,2)5WNC@h
fake+uhines@mailbox.org,john98
fake+maxwellsteven@testlabs.org,cE15A@!rb^^Q_&1
fake+lesamuel@icloud.com,ahead304
fake+karen66@netbox.tech,Western!95
fake+woodjason@service-mail.com,Maybe!32
fake+cynthiagray@mail.com,Azure348
fake+carlosthompson@demoapp.cloud,young9529
fake+dguerra@netbox.tech,message9132
fake+aaronramirez@company.co,Thousand!82
fake+kyle78@gmail.com,Writer!77
fake+lopezbrandon@aol.com,kim47
fake+leedward@example.org,&&6NBqa+
fake+reneegutierrez@protonmail.com,August1963
fake+gardneramy@service-mail.com,3VdTfJdN
fake+elizabeth47@outlook.com,Cyan837
fake+stacey48@techhub.ai,david54
fake+thorton@notarealmail.com,Aqua720
fake+romerojennifer@aol.com,November1961
fake+ballardamy@example.org,Gainsboro731
fake+chad73@mydomain.net,service1194
fake+alan63@protonmail.com,cheryl66
fake+mnichols@outlook.com,cassandra87
fake+katrina59@fastmail.net,t8Qc8BUt3Nf2
fake+mark39@t-online.de,summer4519
fake+samantha87@testlabs.org,December1918
fake+mariahharris@mail.com,grow9954
fake+ncarter@company.co,danny16
fake+georgemichael@web.de,Cornflowerblue689
fake+lperry@student.edu,Follow!78
fake+johnsonderek@randomcorp.com,92PxcYvuHl
fake+davidwilson@outlook.com,January1923
fake+pjones@outlook.com,cheryl83
fake+jennifer81@coolname.app,Air!43
fake+smithlisa@gmail.com,Health!24
fake+juarezkevin@icloud.com,huYqkoHQ7W
fake+eblair@randomcorp.com,anthony53
fake+vsmith@example.org,866MyEPbJwQq
fake+alvaradoalyssa@company.co,Sienna688
fake+milesedward@student.edu,Aquamarine336
fake+wendyyoung@mail.com,karen73
fake+michelledecker@outlook.com,first2967
fake+amber77@example.org,Mother!51
fake+harristommy@icloud.com,Seashell681
fake+mathewrusso@web.de,christopher35
fake+sherripeterson@enterprise.biz,(nyaZzJoC(R4T
fake+brittany54@testlabs.org,4zb7CZgtG
fake+gjackson@aol.com,November1966
fake+dunnheather@devmail.io,v4I4cZ
fake+jmack@t-online.de,September1999
fake+amy12@company.co,Understand!85
fake+mayslaurie@fastmail.net,dennis11
fake+gnelson@hotmail.com,L0VJcnTr+M
fake+iwilliams@mailbox.org,strategy1982
fake+fraziercharles@datenpost.de,More!41
fake+johnfields@aol.com,voice8911
fake+danielthompson@hotmail.com,March1908
fake+thomasjackson@testlabs.org,RWiti1YH5NQy
fake+michele62@randomcorp.com,Wheat574
fake+anthony26@digitalmail.space,Lightgoldenrodyellow547
fake+vpacheco@gmail.com,Greenyellow716
fake+georgeconnor@yahoo.com,prove7313
fake+leonardnorris@outlook.com,school9674
fake+joseph22@coolname.app,%8Z)n3#v@Ts
fake+mmurphy@mailbox.org,minute432
fake+kespinoza@enterprise.biz,LizIOz&c_E2qRMh@
fake+jackieaustin@student.edu,Slateblue928
fake+robert93@notarealmail.com,July1935
fake+oorozco@student.edu,2Uv&xQ3a&4k&
fake+bassjennifer@demoapp.cloud,June1982
fake+cruzelizabeth@yahoo.com,christopher49
fake+jasonturner@hotmail.com,diane90
fake+davidhernandez@t-online.de,November1948
fake+andersonheather@digitalmail.space,Activity!24
fake+roberthernandez@fastmail.net,Y1WDcvR
fake+ebates@outlook.com,michelle38
fake+xmullins@techhub.ai,michelle11
fake+rodneyoconnor@mail.com,Cadetblue138
fake+hwright@gmail.com,v*$LP5ItYGEW7H
fake+johnstone@enterprise.biz,church1787
fake+robert72@hotmail.com,michelle56
fake+thomasstephen@yahoo.com,G8Q0tkwnKM4
fake+christopher02@aol.com,Lawngreen512
fake+anthony14@testlabs.org,Particularly!90
fake+craigscott@randomcorp.com,November1991
fake+rachelmatthews@demoapp.cloud,*mLH75OV%@85kmv
fake+hernandezjonathan@coolname.app,Cornflowerblue563
fake+fbishop@web.de,August1956
fake+robertsmelissa@aol.com,37IKcP
fake+michael00@testlabs.org,Hotpink117
fake+pamela86@notarealmail.com,Deeppink843
fake+dustin76@student.edu,June1904
fake+denise12@techhub.ai,June2008
fake+youngjoshua@protonmail.com,5hbVFoz
fake+john18@t-online.de,road4179
fake+christopher65@randomcorp.com,Pass!40
fake+chavezcorey@testlabs.org,emily57
fake+hopkinstaylor@gmx.de,3sQZAAn
fake+hernandezphilip@mailbox.org,2IrbqGLW
fake+dcain@netbox.tech,u1c4dCd+#
fake+nathan72@yahoo.com,However!90
fake+danieltran@yahoo.com,July1971
fake+zacharymarks@t-online.de,down8085
fake+calebbishop@fastmail.net,+^7(_XTfm
fake+asloan@enterprise.biz,February1926
fake+rodriguezeric@mailbox.org,Cyan375
fake+jessica76@demoapp.cloud,you8582
fake+davisjill@datenpost.de,Darkseagreen992
fake+marissa28@gmx.de,Story!51
fake+gdawson@mydomain.net,Goldenrod242
fake+ahunt@testlabs.org,Again!87
fake+jessicavaughn@datenpost.de,Bisque207
fake+oscar24@demoapp.cloud,bQ3A0XuY
fake+sallen@netbox.tech,ub6XjilF0vz
fake+jonesjill@service-mail.com,d6NcWiP56SAV
fake+francessanders@web.de,$d@O4x0K0Q)K
fake+waltergarza@t-online.de,Oldlace437
fake+jonathansmith@web.de,kevin40
fake+amandaanderson@coolname.app,lisa41
fake+robert66@protonmail.com,September1972
fake+owenamanda@icloud.com,g95TFjyCHA
fake+jordanjulie@mail.com,O51hQblu
fake+andersonjustin@coolname.app,y^4HjRfQ
fake+vturner@t-online.de,Peachpuff437
fake+beardstacey@devmail.io,deborah82
fake+ucooper@company.co,4MO5Pws))N)O
fake+charlesharrell@hotmail.com,Notice!29
fake+mary61@coolname.app,Deeppink652
fake+andrearivera@datenpost.de,able4511
fake+hunterjames@t-online.de,March1970
fake+nancy11@demoapp.cloud,Lightsalmon888
fake+dmendez@digitalmail.space,Myself!83
fake+wendy21@mydomain.net,OX2XrD
fake+grayjudy@student.edu,K3mSmQ2H&L
fake+candice21@coolname.app,tina11
fake+joel62@coolname.app,Along!33
fake+charlesruiz@notarealmail.com,linda26
fake+gryan@protonmail.com,pull4604
fake+anthonycollier@coolname.app,September2008
fake+ethan93@demoapp.cloud,seem9911
fake+martharobles@yahoo.com,d2NwFmld2
fake+richardkelley@netbox.tech,C8COWCtwf6yb
fake+hdavis@gmail.com,tanner53
fake+ijames@service-mail.com,assume9871
fake+lwilliams@notarealmail.com,August2008
fake+hking@protonmail.com,Blanchedalmond171
fake+kelleydonna@techhub.ai,September1984
fake+whitemario@techhub.ai,OQG8eXLiney
fake+cameronmcdowell@randomcorp.com,donald85
fake+beckjessica@hotmail.com,September2012
fake+mprice@mail.com,brian15
fake+lclark@outlook.com,July1948
fake+stephanie91@demoapp.cloud,seven8434
fake+kevin77@coolname.app,together8423
fake+cbrooks@devmail.io,james60
fake+jessica08@hotmail.com,Xi9Rw*MF#!G3AKvu
fake+marshamy@coolname.app,yrv8kBpe
fake+nicole77@service-mail.com,o1lIJ6Ad%I
fake+catherinegriffith@fastmail.net,R6ULfosX
fake+thughes@netbox.tech,Four!34
fake+lisa36@example.org,O3BG8MLk
fake+griffinbianca@mail.com,angela44
fake+ydavis@mailbox.org,May1978
fake+jacquelinegibson@outlook.com,Remember!92
fake+vanessa85@techhub.ai,k5Z2RUioC
fake+debramoore@mailbox.org,network9415
fake+lisa85@testlabs.org,DL9bnGSj4ouP
fake+brianwashington@mailbox.org,BjLfSGftG$V4gGN$
fake+pamela23@mydomain.net,Cyan836
fake+jeangarcia@mail.com,C++e3Cbf
fake+williampark@fastmail.net,October2007
fake+frenchjennifer@aol.com,January1962
fake+stephanie06@t-online.de,sometimes918
fake+kday@example.org,hayley57
fake+gonzalezcolleen@mail.com,*D6JbVm1
fake+xcrawford@mail.com,Navy454
fake+markmartin@demoapp.cloud,QdHNAywZE7GY
fake+brookskeith@devmail.io,joshua46
fake+josephdixon@protonmail.com,$sfjm8Efb%TVTF
fake+davisscott@protonmail.com,Uh(3TfvsrPvY
fake+jacquelinejohnson@datenpost.de,^hzUW#Iw@4
fake+patricia53@randomcorp.com,Talk!74
fake+rweber@coolname.app,Ebi3#KCd^
fake+rnewman@testlabs.org,krista95
fake+aaronsantiago@icloud.com,get9075
fake+james96@randomcorp.com,side4274
fake+carrie67@datenpost.de,March1964
fake+calvin83@testlabs.org,daniel60
fake+jackmeyer@gmail.com,%zpS4yk(G)0UjdTG
fake+julie29@mail.com,Avoid!56
fake+amber58@digitalmail.space,3XJweY5brg
fake+cainmichael@testlabs.org,78DoVk
fake+elizabethnelson@yahoo.com,Star!15
fake+stevenmitchell@datenpost.de,April1951
fake+crystalsnyder@yahoo.com,Ghostwhite610
fake+ashleygray@netbox.tech,May1924
fake+matthewgonzalez@gmx.de,$W&DT^tU$bM5zHa
fake+ielliott@t-online.de,Seagreen918
fake+maddenjessica@datenpost.de,Darkblue782
fake+zachary56@enterprise.biz,RM7W!Am7)+SDHG%R
fake+michelenelson@company.co,Greenyellow716
fake+kanderson@student.edu,Limegreen233
fake+caitlinarnold@gmail.com,Billion!41
fake+kylesims@mailbox.org,kW7LBxB
fake+waltercooke@notarealmail.com,RqpK6Gtq
fake+brianmiller@mail.com,current2484
fake+myersjessica@t-online.de,7VRdg5i
fake+khardy@mail.com,corey64
fake+christinerobinson@fastmail.net,dan92
fake+james92@yahoo.com,Member!82
fake+hamiltontyler@company.co,Mistyrose487
fake+smoore@techhub.ai,June1964
fake+heatherhooper@enterprise.biz,16PDJMiS9ew
fake+mgutierrez@digitalmail.space,whom435
fake+matthewmartinez@icloud.com,Darkolivegreen801
fake+lindsaydavis@mydomain.net,6zD3OAOzm
fake+barnettbrittany@icloud.com,front2402
fake+steelejody@web.de,donna12
fake+christopher53@t-online.de,Conference!59
fake+stephen02@testlabs.org,4Snn5bYw+LC0^n
fake+reynoldsjason@company.co,)u)5aRwC
fake+melissaramirez@service-mail.com,0eiCFcCzxwtC
fake+denise36@datenpost.de,yOXvybpR%4+
fake+osmith@mydomain.net,Lightseagreen606
fake+reynoldsalvin@datenpost.de,V5_GDwxw@YJLU
fake+mweiss@coolname.app,would9360
fake+oholloway@gmx.de,top5881
fake+yflowers@testlabs.org,bradley77
fake+johnrice@example.org,August1912
fake+brian12@company.co,tony52
fake+gsnyder@gmx.de,%3^Blwae(L
fake+robin36@protonmail.com,June2020
fake+james02@techhub.ai,Yellow493
fake+rbarry@mydomain.net,Left!36
fake+michaelmcdonald@randomcorp.com,W8TAjXGtzG6
fake+drobinson@techhub.ai,n3F&NhlR%Nw
fake+therrera@example.org,Tan631
fake+amorgan@coolname.app,bR!yL4IaIyT^
fake+pscott@web.de,Become!89
fake+thomaslucas@testlabs.org,especially7376
fake+kimberlymoore@mail.com,Darkmagenta727
fake+pamelawood@aol.com,wendy46
fake+rachelsutton@gmail.com,scientist9113
fake+edward00@gmx.de,danielle10
fake+justin08@demoapp.cloud,January1950
fake+heather95@fastmail.net,tj3EnKvgxSC8
fake+ssimmons@coolname.app,Ago!15
fake+jacksonjohn@company.co,Aliceblue370
fake+rachel58@mail.com,9dQBYr^L$
fake+fisheramanda@protonmail.com,9pKRosu
fake+eddieburns@demoapp.cloud,March2014
fake+tiffany18@aol.com,Antiquewhite561
fake+johnsonjason@gmx.de,2QgMAkfyVoQ
fake+lrodriguez@service-mail.com,last4411
fake+michaelblackwell@t-online.de,Figure!90
fake+vbailey@hotmail.com,at6206
fake+callahanian@hotmail.com,June1902
fake+mitchelllopez@outlook.com,kyle61
fake+gina15@testlabs.org,#J9jH8jo
fake+ambermejia@demoapp.cloud,August1996
fake+rodney37@randomcorp.com,November2021
fake+zmarquez@hotmail.com,Should!47
fake+efischer@techhub.ai,Lightslategray746
fake+mary50@notarealmail.com,yZO$mJQu$1s
fake+mccoydaniel@demoapp.cloud,Palegreen185
fake+robertmata@testlabs.org,Laugh!71
fake+theresamurphy@mailbox.org,May1993
fake+brianmcbride@netbox.tech,Orangered510
fake+martinrachel@datenpost.de,seem9566
fake+harrissarah@hotmail.com,computer6200
fake+watsonkent@netbox.tech,jonathan32
fake+hannah14@testlabs.org,Linen318
fake+austin29@devmail.io,jLCxP1am2
fake+stacy24@service-mail.com,lay1418
fake+jennifer76@datenpost.de,Authority!75
fake+rchristensen@company.co,WRp+7T_a&j+Ab
fake+renee10@techhub.ai,Tan169
fake+wvelez@yahoo.com,tara85
fake+sparksnatalie@demoapp.cloud,Yellow981
fake+timothy43@digitalmail.space,P6FjuhNAS
fake+trichardson@fastmail.net,Khaki549
fake+shelleygarner@testlabs.org,June1904
fake+christina44@mail.com,victoria85
fake+sydneydunn@outlook.com,hold5880
fake+martinezvictor@mail.com,Own!78
fake+pbennett@enterprise.biz,February2025
fake+rschmidt@devmail.io,Tree!62
fake+levi97@web.de,rachel50
fake+john33@hotmail.com,kenneth54
fake+oneallatoya@demoapp.cloud,^s67Ebr)D
fake+martinpowell@mydomain.net,6oEPpsNwMQKL
fake+peter71@enterprise.biz,Ivory150
fake+montesgloria@student.edu,Compare!76
fake+davismark@techhub.ai,Half!58
fake+cody64@icloud.com,September2020
fake+alyssa84@fastmail.net,Such!20
fake+jennifer61@aol.com,4JkTJStfy
fake+destinyscott@company.co,5mGhFg3S)
fake+scotthernandez@randomcorp.com,upon4990
fake+cynthiabates@datenpost.de,david99
fake+vanderson@t-online.de,adam70
fake+nathan89@coolname.app,daniel81
fake+porterjonathan@digitalmail.space,director5473
fake+stevenparker@t-online.de,August2023
fake+jacqueline20@randomcorp.com,Lightsteelblue493
fake+nicole90@mydomain.net,Lavender407
fake+joshua77@notarealmail.com,Success!72
fake+martinberg@coolname.app,jacqueline36
fake+adamsemily@testlabs.org,%bHDX%f56f
fake+karabailey@testlabs.org,Action!11
fake+usantiago@hotmail.com,April1939
fake+heatheroliver@web.de,But!72
fake+taylorpenny@techhub.ai,tough3529
fake+shaun68@protonmail.com,lacey60
fake+jorge09@outlook.com,stacy77
fake+whitemichael@devmail.io,February1901
fake+sheltonamanda@mailbox.org,wqstd0ZaVRF
fake+whitneyjoseph@outlook.com,October1980
fake+courtney04@example.org,Teal494
fake+robinwhite@netbox.tech,Common!18
fake+jamesgonzales@netbox.tech,Ivory222
fake+alejandrotodd@demoapp.cloud,+54y2wfGn6Ev
fake+twilliams@student.edu,7#!5FOeF#0cTFjy
fake+shawn42@fastmail.net,Specific!35
fake+chadreese@outlook.com,Thistle954
fake+ruth17@aol.com,uT7GLec
fake+davidhernandez@devmail.io,uqqAc9Ml
fake+asmith@gmx.de,Stock!90
fake+omargomez@mailbox.org,PaRM5Jk^)rkyi7M
fake+tina97@devmail.io,As!57
fake+ugray@web.de,April1982
fake+ysnow@company.co,LB35W6itz6iu
fake+danielsjoel@mailbox.org,Character!21
fake+jessicawright@mydomain.net,allison39
fake+pmiddleton@notarealmail.com,May1976
fake+smithrobert@datenpost.de,Company!21
fake+arnoldjose@outlook.com,Darkviolet352
fake+joemclean@protonmail.com,BfA0ANcT46
fake+millerrobert@outlook.com,darrell85
fake+lesliebradshaw@fastmail.net,October1946
fake+gomeztony@web.de,jason67
fake+adamsangela@student.edu,TpPUCgqq6I5l
fake+anna89@fastmail.net,++1G+9bK
fake+mfoster@icloud.com,peter53
fake+ihale@company.co,Crimson967
fake+davidmanning@yahoo.com,mention8172
fake+pperez@t-online.de,david42
fake+wilkinsryan@techhub.ai,May1960
fake+yanderson@datenpost.de,z4NyGndq*
fake+lisabradley@example.org,zbQvc4K3X6
fake+dobrien@aol.com,Would!16
fake+bkline@mydomain.net,to1aVPZo+Rs
fake+jasonroach@yahoo.com,can5136
fake+megan76@demoapp.cloud,MV7671Iuw%
fake+morsehayden@hotmail.com,carolyn41
fake+robertschristina@icloud.com,9dx8SqtGR
fake+meredith06@gmx.de,#r7SU%cfnvv3v
fake+melissa28@netbox.tech,philip10
fake+beckycoleman@aol.com,media8473
fake+collinsrobert@gmx.de,u$B16nSf@_B
fake+vlawrence@example.org,Firebrick552
fake+qgriffith@student.edu,johnathan60
fake+xanderson@icloud.com,above74
fake+virginia17@techhub.ai,cheryl52
fake+campbelltracy@demoapp.cloud,Seagreen324
fake+saranavarro@student.edu,answer5757
fake+serranovictoria@testlabs.org,8Mdq6CrE9ECk
fake+rwilson@coolname.app,tina26
fake+tammy78@netbox.tech,XiszH2kjOrk5
fake+baldwinanthony@notarealmail.com,rebekah40
fake+pearsonashley@service-mail.com,D1JJt8I9
fake+jenniferbarrera@netbox.tech,debra25
fake+chaneydavid@aol.com,#(99Ts1Rk
fake+bjoseph@devmail.io,October2016
fake+bjohnson@service-mail.com,scene2294
fake+halemonica@icloud.com,Lightsalmon528
fake+briggsyvonne@icloud.com,political3584
fake+lewissharon@company.co,&+k33HqzT7LPq
fake+cperez@student.edu,Plum422
fake+melissa60@mail.com,5OGsmzzHZppp
fake+jlowe@mailbox.org,nicole86
fake+uschmitt@web.de,joe81
fake+mharris@company.co,August1981
fake+miguelwallace@protonmail.com,Pass!99
fake+jerry23@service-mail.com,courtney41
fake+gomezeric@gmx.de,YeNEl)zZ@4
fake+cassie58@example.org,kelly59
fake+edwardsabigail@randomcorp.com,stephen29
fake+cmoreno@fastmail.net,7p3Q3a
fake+bhopkins@mydomain.net,PX3YdkH
fake+parkermoreno@gmail.com,April1980
fake+xvaughn@service-mail.com,Thistle579
fake+jennifer67@digitalmail.space,table8837
fake+sheryl55@devmail.io,Loss!67
fake+fcarey@enterprise.biz,4B5VZs7gnsAd
fake+jennylarson@icloud.com,F3vPwrhTVAYd
fake+matthewmoore@randomcorp.com,Almost!95
fake+lindsey77@icloud.com,December2001
fake+orosario@fastmail.net,margaret85
fake+mooreamanda@t-online.de,2Nwpkcs
fake+edwardsanna@company.co,$0b&0q#ml4BQ
fake+tylerkayla@testlabs.org,May1957
fake+jenniferbrooks@company.co,z91E_+rl&
fake+michael31@datenpost.de,april59
fake+john51@hotmail.com,Technology!69
fake+jimenezkevin@student.edu,tanya67
fake+vargaseddie@testlabs.org,wanda33
fake+abennett@service-mail.com,December1994
fake+taylorgregory@techhub.ai,Ability!80
fake+kylebyrd@demoapp.cloud,April1947
fake+sarah48@coolname.app,$(45QmUJx!!
fake+johnsonderek@fastmail.net,christopher11
fake+richardsnyder@hotmail.com,school217
fake+erikalewis@demoapp.cloud,Blue310
fake+desiree74@aol.com,October1908
fake+rachaelnorman@devmail.io,Midnightblue214
fake+lanepatricia@notarealmail.com,V!4C9VJf
fake+ostewart@service-mail.com,June1912
fake+dmorales@t-online.de,%IEhv6*b3!
fake+curtissamuel@t-online.de,tonya14
fake+yyu@web.de,Offer!18
fake+serranogail@techhub.ai,ashley32
fake+cody00@enterprise.biz,peggy38
fake+phillipsjessica@techhub.ai,Late!75
fake+wolfdennis@gmx.de,@@mW8)sr^JKuP
fake+valerie97@enterprise.biz,michael78
fake+lisaparker@protonmail.com,bed3856
fake+ehaney@protonmail.com,george34
fake+jay56@randomcorp.com,h073Vtf
fake+stephen28@company.co,Consider!16
fake+gary81@digitalmail.space,c7(2ERpCvC3UR
fake+garciapatricia@netbox.tech,PaZQM8ftaE3
fake+kingandrew@demoapp.cloud,Purple135
fake+codypeterson@outlook.com,February1975
fake+murraybrent@digitalmail.space,james11
fake+oedwards@aol.com,lynn16
fake+smithsandra@yahoo.com,VXx41Gom9c
fake+mike34@service-mail.com,3hPBcBldYL
fake+jessewilliams@notarealmail.com,speak6242
fake+xgonzalez@company.co,order9981
fake+matthewphillips@gmx.de,November2004
fake+marycortez@student.edu,blood2080
fake+lawsonstephen@mail.com,Khaki338
fake+melissavaldez@netbox.tech,Linen639
fake+parkchristine@coolname.app,stephanie27
fake+taylortricia@protonmail.com,yard4071
fake+zharvey@company.co,dan24
fake+sabrina02@t-online.de,material9440
fake+dixonheidi@gmail.com,%cWauPk41
fake+curtispaul@devmail.io,nancy98
fake+bryanshea@enterprise.biz,N)#UzlTg)Y9cFZ0
fake+jacqueline05@randomcorp.com,November1979
fake+alisonbell@demoapp.cloud,Wheat466
fake+jamie55@example.org,VX_9OO4eYBSP3S
fake+karenarias@testlabs.org,March1960
fake+kathyboyd@netbox.tech,Darksalmon295
fake+stephennielsen@company.co,Usually!87
fake+andrew98@web.de,*E&^8Hqyez
fake+rothstephanie@mail.com,language4169
fake+davidsmith@outlook.com,7nq3akWtrGp7
fake+donnaallen@enterprise.biz,*gvo5dIT2HRPNI
fake+joshuacooper@notarealmail.com,August2017
fake+julian91@demoapp.cloud,GaW5Mg
fake+deanna30@mailbox.org,November1922
fake+william17@mydomain.net,Royalblue870
fake+dustin83@example.org,deborah65
fake+stephenkelley@mydomain.net,Palevioletred396
fake+msmith@testlabs.org,iI2QLmya^
fake+kerrypace@hotmail.com,Lightseagreen207
fake+lee64@example.org,34Cn8myWnu
fake+evan23@protonmail.com,safe2100
fake+kathleenbartlett@randomcorp.com,Plum109
fake+robertclark@coolname.app,July2003
fake+ctyler@techhub.ai,g^C9BFQf
fake+xleon@protonmail.com,Orangered784
fake+hhernandez@fastmail.net,uKhaiXLx61
fake+george48@protonmail.com,Improve!62
fake+victor26@mydomain.net,Off!30
fake+mollywong@protonmail.com,June1975
fake+daviseric@student.edu,#fIu2+Mqx
fake+harrellleon@mail.com,Midnightblue532
fake+kimberlyschroeder@devmail.io,9r57gUs
fake+wanda05@icloud.com,statement5056
fake+donaldwarren@netbox.tech,aP8G2s^U7+bK@
fake+sarameyer@student.edu,y6RosQW7#pOya@+J
fake+umoreno@randomcorp.com,jared77
fake+cheneric@gmx.de,HDwDCwcNrZ3
fake+ybriggs@service-mail.com,Yellow675
fake+shannonnavarro@datenpost.de,window7973
fake+shannon57@service-mail.com,August2024
fake+lowesamuel@service-mail.com,064SOzEf
fake+hernandezkyle@service-mail.com,o27cmRiWhL
fake+chandlerelijah@devmail.io,jimmy16
fake+pvelasquez@company.co,Policy!85
fake+anna94@devmail.io,jesus33
fake+josephdavis@icloud.com,August1968
fake+uwhite@techhub.ai,^iFB4XYzM
fake+jacobsoncandice@fastmail.net,glass7530
fake+michaelhayden@protonmail.com,Dodgerblue108
fake+earl91@company.co,8GSliaC
fake+cindy09@enterprise.biz,D#**$9JgNV
fake+zhayes@t-online.de,continue8885
fake+dbonilla@demoapp.cloud,michael55
fake+michaelhamilton@protonmail.com,richard48
fake+becky14@datenpost.de,fC73OBsw
fake+suttonnathan@service-mail.com,Check!57
fake+palmerrobert@enterprise.biz,8YYzZp
fake+anthonymccormick@t-online.de,June1929
fake+omiller@datenpost.de,carry646
fake+johnny25@protonmail.com,Jrv3ECdeyqmC
fake+jking@mydomain.net,w4FvXs
fake+martinezdeborah@mail.com,Wheat645
fake+austin71@enterprise.biz,YAd0)6PtJCgtb%lM
fake+laurabrown@devmail.io,p4R0X+Zb^q
fake+crivera@coolname.app,OPq^z5Kq
fake+nancy82@t-online.de,RXP29NRkys4sv@)Q
fake+ohensley@demoapp.cloud,lisa68
fake+fosterjennifer@student.edu,+#NvU7Bb
fake+leahwoodard@yahoo.com,Royalblue473
fake+matthewrobertson@gmail.com,WjkhrLcH2
fake+wilsondavid@service-mail.com,March2011
fake+kellyball@datenpost.de,Blanchedalmond140
fake+reidsandra@outlook.com,old1271
fake+katherine10@yahoo.com,last6363
fake+amccoy@datenpost.de,drive9167
fake+jacquelinesmith@digitalmail.space,CLGnlNGk0JV
fake+woodsarah@devmail.io,Lawngreen263
fake+ashley64@gmail.com,Body!26
fake+lewisamy@hotmail.com,Data!55
fake+barbara41@datenpost.de,fq41Cp
fake+julie15@devmail.io,January1989
fake+christophercervantes@example.org,cristian97
fake+youngtamara@aol.com,YD6YAhyl1S0
fake+hammondlarry@demoapp.cloud,2^*32YDw#
fake+jefferyfoster@gmail.com,rvWmdlwh4Q
fake+michaelprice@web.de,Khaki350
fake+weberchristopher@student.edu,$5IaQ6!HvX$
fake+ostewart@yahoo.com,December1914
fake+catherine09@mydomain.net,Sandybrown479
fake+andrewwilliams@example.org,carlos49
fake+fmedina@aol.com,7wUDTeZz
fake+nina06@example.org,Turquoise652
fake+debra29@coolname.app,+uBj+2Sr_x0x)UW
fake+jacobliu@randomcorp.com,tanya43
fake+dburch@enterprise.biz,Moccasin910
fake+bhenderson@example.org,R_4AOx8(NNoL
fake+kristen75@mail.com,Certain!50
fake+gibsonkelly@outlook.com,julie34
fake+sanchezandre@notarealmail.com,relate37
fake+mooretaylor@demoapp.cloud,Darkseagreen593
fake+ryanandrew@datenpost.de,FVFoz8Gsh
fake+sharonsalas@example.org,@yEEnJ0zS2A
fake+cochranvalerie@testlabs.org,August2010
fake+bcarr@notarealmail.com,elizabeth44
fake+jmiller@digitalmail.space,Royalblue582
fake+deanna31@service-mail.com,Yes!76
fake+vincent54@outlook.com,sister9801
fake+mterrell@yahoo.com,September2005
fake+calebknapp@protonmail.com,IsZruWrBZ13
fake+maddoxheidi@mail.com,Palegreen736
fake+ewalsh@randomcorp.com,know8188
fake+jeffrey20@coolname.app,October1996
fake+vswanson@company.co,Rather!26
fake+cisneroskaren@mydomain.net,Lightgoldenrodyellow193
fake+ronnie29@gmx.de,&hDp^sD9k4L
fake+punderwood@t-online.de,beat1496
fake+charleslin@datenpost.de,jacob36
fake+josephthomas@demoapp.cloud,January1938
fake+ryanholt@mydomain.net,N8pMhvVD9Ch
fake+benjaminholly@example.org,Develop!10
fake+keymegan@enterprise.biz,bruce90
fake+tuckercarla@techhub.ai,Darkmagenta850
fake+dennissarah@web.de,commercial3324
fake+garciarichard@randomcorp.com,$m+Sto2to5HE
fake+hdouglas@mail.com,May1925
fake+xhatfield@techhub.ai,0mP1GIBm(7
fake+xlarsen@icloud.com,xy2P6xhs#+LR
fake+josephponce@datenpost.de,June1938
fake+hbell@icloud.com,reveal558
fake+david52@hotmail.com,dustin10
fake+emilywright@icloud.com,November1919
fake+zacharyturner@datenpost.de,Common!69
fake+joshuahayes@notarealmail.com,jamie26
fake+bedwards@enterprise.biz,Olivedrab202
fake+piercesarah@web.de,debra13
fake+andrew20@mailbox.org,s6PB9gu
fake+jjones@testlabs.org,Firebrick502
fake+williamproctor@techhub.ai,agreement5753
fake+igaines@fastmail.net,Darkgoldenrod562
fake+keithbowman@company.co,book2074
fake+jwood@fastmail.net,8QaJ56tE
fake+hectorfitzpatrick@outlook.com,tonight6563
fake+gregoryrose@coolname.app,challenge6494
fake+ccraig@company.co,daniel77
fake+tammy16@service-mail.com,Simply!13
fake+jameswilliamson@devmail.io,OFc5Qk4241Xt
fake+jrodriguez@hotmail.com,(@SRjYYK6
fake+bmartin@techhub.ai,December1959
fake+jessicamonroe@company.co,stephanie44
fake+vpeterson@mailbox.org,allison77
fake+nuneztina@outlook.com,GEe+^fPN7eVfoR@Z
fake+kenneth05@hotmail.com,Develop!75
fake+tyronenolan@coolname.app,Lavenderblush692
fake+joseph31@aol.com,kevin90
fake+lhiggins@demoapp.cloud,aIuTt4bb5Ya
fake+courtneydavis@randomcorp.com,melissa51
fake+catherine97@student.edu,erica62
fake+davidsanders@techhub.ai,White470
fake+caroline05@t-online.de,January1916
fake+kingleslie@netbox.tech,6U1ado02sqU
fake+hswanson@aol.com,Idea!74
fake+jhernandez@mydomain.net,Research!34
fake+gforbes@web.de,Aquamarine375
fake+brenda27@enterprise.biz,kelly10
fake+kanderson@web.de,Lightyellow220
fake+mitchelllisa@web.de,painting7526
fake+gerald57@icloud.com,ou6JKbqJPbz
fake+greensandra@techhub.ai,February1924
fake+huynhmark@enterprise.biz,Than!67
fake+sergioallen@service-mail.com,sign5820
fake+wsilva@netbox.tech,aaron61
fake+kristen49@t-online.de,Eh#08QPvA8gn3T
fake+mark21@mail.com,section1072
fake+lynnmoreno@enterprise.biz,michelle14
fake+hendricksalyssa@hotmail.com,kim12
fake+gonzalezsteven@outlook.com,56AbdCO
fake+hahncarolyn@coolname.app,minute714
fake+jason28@example.org,Sandybrown955
fake+payneamanda@devmail.io,julie33
fake+jhernandez@techhub.ai,9ChYtzYCepPt
fake+mstephenson@aol.com,3v8IJ(tV!$gH
fake+ftaylor@web.de,expert8964
fake+gregorycannon@gmail.com,3OuDdRY
fake+psmith@mailbox.org,religious2978
fake+oscarperkins@gmx.de,Partner!43
fake+westpamela@hotmail.com,Box!31
fake+richard03@hotmail.com,andrew40
fake+moorekelly@gmx.de,k0CYTrYx
fake+amyperez@randomcorp.com,4HEfcI0zT
fake+sbrown@netbox.tech,&nx$0t6Y22M3Tw
fake+gmcclure@mydomain.net,Imagine!95
fake+andrew47@company.co,us538
fake+debrasanders@t-online.de,Ten!58
fake+chaselewis@enterprise.biz,h6UDPzG
fake+perezmatthew@techhub.ai,joseph28
fake+wallcaleb@demoapp.cloud,Few!66
fake+millerbryan@mydomain.net,Mediumblue502
fake+steven69@hotmail.com,However!86
fake+johnharmon@mail.com,Lightseagreen339
fake+fmendoza@t-online.de,pmRGMj0l53G
fake+christopherclark@gmail.com,+2^jnvN^pE4dG7J
fake+oconnorbenjamin@randomcorp.com,Everybody!90
fake+ashleycurry@notarealmail.com,dgmtAX3Hq1
fake+rogergoodman@example.org,Indianred661
fake+robertsonhunter@enterprise.biz,f5DQ4BGx!3
fake+ochoasteven@example.org,Ng3!L#lJNz(W#0
fake+christopher40@company.co,&93BD5vubFAS
fake+jerrywallace@devmail.io,6hpEafq1^
fake+kimberlystone@gmx.de,April1986
fake+christopher22@notarealmail.com,Stuff!91
fake+brenda37@icloud.com,Lightcyan109
fake+tiffany65@web.de,Enjoy!25
fake+gelliott@company.co,Change!17
fake+jamesrobertson@service-mail.com,December2016
fake+charlestrevino@aol.com,suggest2922
fake+jerrydrake@devmail.io,Central!93
fake+silvajill@datenpost.de,B6Pi6UceSw
fake+deborah87@testlabs.org,Palegreen627
fake+millermichelle@web.de,June1980
fake+bwagner@netbox.tech,Ob9UhaNb8Xm
fake+hhall@netbox.tech,1z2QuwwAN374
fake+danielle57@randomcorp.com,2OtJtfh
fake+jeffreymorales@student.edu,Risk!45
fake+rebeccaaustin@netbox.tech,s7b0cmlnyYYx
fake+kevin83@mailbox.org,4TOKO97ulY
fake+stacyjimenez@mail.com,^)0dyBth2^ce4d
fake+gentryrebecca@protonmail.com,682M2EEf
fake+mpowers@randomcorp.com,V)G7qCIj
fake+christinasnyder@service-mail.com,r85Zmf
fake+sanchezchris@demoapp.cloud,there8759
fake+amcintyre@devmail.io,86hTsz&4*u&IBG
fake+natasha49@randomcorp.com,Some!94
fake+clarkamanda@yahoo.com,November1962
fake+christine42@fastmail.net,!@i$1@idN^4I
fake+daniel49@aol.com,Burlywood240
fake+georgeclayton@coolname.app,beth59
fake+mccormickpatrick@yahoo.com,5LMIhd
fake+flang@protonmail.com,christine72
fake+adrianaprice@yahoo.com,Turquoise912
fake+nbradshaw@t-online.de,Everyone!63
fake+brandon55@datenpost.de,Linen692
fake+suzanne18@gmail.com,August1940
fake+angelacunningham@techhub.ai,shannon35
fake+amandareese@mydomain.net,Navajowhite741
fake+adammoody@coolname.app,Particularly!29
fake+qarmstrong@demoapp.cloud,Class!45
fake+joshua88@randomcorp.com,rule1181
fake+jeffery67@protonmail.com,)NetiIi7Z(T7&U
fake+cookcarl@t-online.de,October1932
fake+martinbenjamin@web.de,7wPB9r
fake+jeffrey83@web.de,Hotpink511
fake+jon40@netbox.tech,Art!51
fake+cathyscott@gmail.com,g7Jbk2
fake+kwest@randomcorp.com,write9930
fake+fsherman@web.de,Burlywood359
fake+jamessutton@digitalmail.space,effect5549
fake+samantha19@gmx.de,joseph14
fake+amyking@web.de,sT5OyB
fake+ipalmer@demoapp.cloud,Bring!38
fake+deniseolson@coolname.app,2JjKLx
fake+hortondawn@web.de,E6J4Yth
fake+ybeltran@example.org,pgeiASzva38
fake+roberto33@notarealmail.com,outside3090
fake+llee@notarealmail.com,B5%ZZ%UyXoQ#6Jd
fake+patrickwagner@coolname.app,james51
fake+danamccann@web.de,into510
fake+djohnson@t-online.de,August1949
fake+mwhite@icloud.com,July1975
fake+joneseric@enterprise.biz,mean5111
fake+simmonsmarilyn@fastmail.net,8DfmcsOF
fake+kristinaferrell@hotmail.com,Positive!80
fake+wallen@yahoo.com,+HKqN2eN9R
fake+robertmcpherson@example.org,c3tOrT
fake+hebertmarissa@web.de,SU(A9Cb4e%880EG
fake+theresa89@gmx.de,hdjI3tZdNXuc
fake+david09@company.co,cnHb5MAk
fake+jacob19@datenpost.de,sarah99
fake+sgilmore@techhub.ai,no5988
fake+parkermakayla@demoapp.cloud,andrew32
fake+kennethochoa@mailbox.org,u6DQnx
fake+cameron29@mailbox.org,less119
fake+bellmichael@mail.com,Of!40
fake+hrios@devmail.io,1HY37vqj*(V5Gg
fake+calhounbradley@techhub.ai,T$2cF8hRP
fake+ichang@randomcorp.com,3OLPgkouLqqz
fake+phillipsconnie@randomcorp.com,0g5CMaw
fake+margaret13@randomcorp.com,Movement!58
fake+mstafford@notarealmail.com,Yellowgreen420
fake+richard94@hotmail.com,Natural!21
fake+hharvey@gmx.de,&KL6x&lHZ_i
fake+martinezpamela@digitalmail.space,)2PF@RG7du)(tUa
fake+youngheidi@gmail.com,QHM15lmgt_MQV
fake+john51@coolname.app,Khaki672
fake+marshallchristina@outlook.com,employee6840
fake+brandy11@datenpost.de,August2015
fake+davidross@fastmail.net,janet23
fake+inicholson@service-mail.com,Green283
fake+derrickparker@mail.com,Darkslategray973
fake+ybrown@outlook.com,Close!94
fake+anthony58@student.edu,1CXpc9L3
fake+samanthatyler@coolname.app,February1979
fake+zvalencia@icloud.com,January1900
fake+ruizwilliam@mail.com,ER2HBEgl
fake+dvazquez@demoapp.cloud,richard57
fake+billy22@notarealmail.com,Reflect!88
fake+tara42@mydomain.net,susan98
fake+erik80@icloud.com,Jz!ZC3d02c3
fake+clopez@mail.com,hard1456
fake+emcmillan@datenpost.de,Particular!74
fake+juanlewis@yahoo.com,2R+2EpjnGrBZ7My
fake+ecarey@outlook.com,task6073
fake+christinataylor@datenpost.de,can4525
fake+jtucker@devmail.io,Conference!59
fake+nichole93@gmail.com,December1937
fake+edwinjennings@protonmail.com,oHbhKXWs48
fake+ureid@gmx.de,Son!97
fake+janice69@netbox.tech,item938
fake+duncanrobert@icloud.com,)+6oIP@k8v)w^8
fake+moorejoshua@protonmail.com,December1941
fake+rebeccanguyen@protonmail.com,any6868
fake+williamsandrew@techhub.ai,Khaki583
fake+wrightapril@gmail.com,Aqua273
fake+brianwhite@enterprise.biz,Green700
fake+destinybrown@fastmail.net,Lightblue493
fake+christopher94@company.co,Mind!17
fake+jamesgreen@digitalmail.space,crystal55
fake+ryanwilliams@fastmail.net,November1982
fake+emcmillan@protonmail.com,March2002
fake+laura65@devmail.io,B79AnDVzA
fake+paceteresa@gmail.com,^OqFU)y@m2nau
fake+juanguerra@techhub.ai,Despite!83
fake+christopher60@outlook.com,Network!92
fake+jacksonronald@mydomain.net,Ten!76
fake+ryanwilson@icloud.com,Section!65
fake+hfox@techhub.ai,interview3860
fake+reedamber@example.org,Serious!70
fake+margaret92@techhub.ai,steven60
fake+kcook@student.edu,robert93
fake+johnsonrenee@gmx.de,4TXqVA
fake+herrerashannon@web.de,2uOShigAKpf
fake+alexander90@t-online.de,+9T@14t^MgF_)Z
fake+blee@fastmail.net,9KSas87
fake+byrdmelissa@mail.com,model4158
fake+jacksondavid@protonmail.com,October1995
fake+lmartin@randomcorp.com,jennifer96
fake+fergusonphillip@coolname.app,central9701
fake+joshua33@company.co,stacy76
fake+cervantesamy@devmail.io,thousand8451
fake+christinafernandez@notarealmail.com,February1917
fake+anthonyjones@datenpost.de,both4405
fake+emmafrey@protonmail.com,Lightcyan773
fake+regina58@company.co,@Yn*LNMzS0
fake+crhodes@example.org,Cornsilk212
fake+jadeyates@protonmail.com,dgHZHmg6%9UDx
fake+jonathanbailey@fastmail.net,eric80
fake+brianfrey@devmail.io,jessica30
fake+james68@student.edu,7OfXakBjcjzj
fake+kennethobrien@testlabs.org,November1995
fake+christopher47@fastmail.net,May1940
fake+davisdiane@coolname.app,Lightskyblue645
fake+melissamiller@example.org,ryan23
fake+halldavid@icloud.com,Response!32
fake+zjimenez@techhub.ai,February1961
fake+rcohen@mailbox.org,11PJuIu
fake+jacobhammond@mail.com,Hour!15
fake+christinakhan@datenpost.de,November1997
fake+richardmcintosh@devmail.io,January1998
fake+amandabrady@gmx.de,Azure471
fake+cowanchristy@gmx.de,November1963
fake+heathsara@mailbox.org,angela13
fake+ubolton@coolname.app,August1951
fake+perezandres@mail.com,future5758
fake+fwiggins@company.co,history9818
fake+ywalker@enterprise.biz,michael47
fake+drobertson@student.edu,May2011
fake+henry21@netbox.tech,Forestgreen530
fake+ghickman@student.edu,h3*#K*7sWH57@ij
fake+jerry24@datenpost.de,&i(yMEe0g#S*03
fake+reyesbrandon@notarealmail.com,9#z0G0rq%
fake+jessica28@mydomain.net,protect7199
fake+mroberts@yahoo.com,November1979
fake+wmason@protonmail.com,56IPZa0i2N
fake+holly70@company.co,Whitesmoke459
fake+boylekelly@hotmail.com,078DavDC3
fake+andersonronald@mydomain.net,0OzqcoVrzW
fake+parkerscott@example.org,Down!49
fake+maurice75@protonmail.com,Purple654
fake+jessicaoconnell@web.de,whatever9987
fake+agriffith@outlook.com,6UwMKkec
fake+michael60@enterprise.biz,Navajowhite208
fake+kaiserkyle@company.co,Darkseagreen489
fake+crystalday@t-online.de,kevin50
fake+andre28@fastmail.net,dt5Rf7xe!i
fake+tanya96@techhub.ai,Kid!13
fake+torresdaniel@fastmail.net,2VMO@b7^&5
fake+andregomez@mailbox.org,computer6283
fake+kimberlywiggins@protonmail.com,August1952
fake+gloverlauren@mailbox.org,much3284
fake+vincenthoward@yahoo.com,site3590
fake+janice30@example.org,W6gDr9NiR4
fake+eperez@demoapp.cloud,attack6767
fake+ppaul@example.org,May2022
fake+laurawilson@netbox.tech,May2017
fake+wardcarlos@notarealmail.com,xMJdIskYa0F
fake+erinsoto@mydomain.net,Plum183
fake+mosswendy@enterprise.biz,where1206
fake+jeffreyking@t-online.de,this8361
fake+lynn06@randomcorp.com,Allow!52
fake+henryzimmerman@fastmail.net,$87Z5ScNpACd
fake+tara19@notarealmail.com,rebekah74
fake+kimberly20@testlabs.org,fine7979
fake+natalie41@gmx.de,Limegreen254
fake+richard15@coolname.app,Mintcream697
fake+robin74@datenpost.de,ashley22
fake+elainesharp@notarealmail.com,Palevioletred175
fake+floresdavid@web.de,December2021
fake+obrienbrian@coolname.app,September1988
fake+jason47@randomcorp.com,Lightyellow960
fake+chelsea74@datenpost.de,diana23
fake+evan60@testlabs.org,april79
fake+latasha90@outlook.com,p1KE!qF3&r
fake+lynchjames@mydomain.net,william40
fake+dpadilla@coolname.app,Darkorange871
fake+ohall@mailbox.org,fd2Oeb
fake+tiffanyschneider@devmail.io,3PGp2vWoB6x
fake+kristopherbrown@t-online.de,9MZlw5
fake+dennis25@service-mail.com,yes1638
fake+thoward@datenpost.de,per3338
fake+jeffrey84@demoapp.cloud,mary10
fake+whitney15@student.edu,@(Yepzak!(49vx
fake+robert24@mailbox.org,G6KyjHS
fake+zacharyrich@fastmail.net,qc6dFuLW6r
fake+urodriguez@enterprise.biz,War!77
fake+collinsgregory@student.edu,November1908
fake+wolfjustin@digitalmail.space,land2592
fake+phart@hotmail.com,Kid!87
fake+maryjohnson@outlook.com,Treatment!24
fake+scottgary@hotmail.com,option9785
fake+vsolomon@protonmail.com,the7270
fake+erintyler@student.edu,GAGfpciZ9
fake+phenderson@notarealmail.com,December2000
fake+kathy29@company.co,Darkgray703
fake+benjaminadams@notarealmail.com,Darkgoldenrod465
fake+jjones@service-mail.com,Former!81
fake+madisonkeller@mail.com,2SmXm6Hk
fake+johnsondestiny@gmail.com,Life!14
fake+masonheather@outlook.com,elizabeth24
fake+lisafigueroa@mail.com,we4762
fake+lindseybryant@aol.com,Meet!19
fake+martinezrebecca@service-mail.com,factor7680
fake+coltonjohnson@web.de,4WL6tIir
fake+elizabeth35@aol.com,TuO^pw!V)_2U
fake+christopher12@icloud.com,Zi_1v_UcG(W
fake+toddaguilar@datenpost.de,thank5477
fake+powellwilliam@mailbox.org,my0Fma
fake+monica48@outlook.com,&KNlA3ib0&xI
fake+sandra66@notarealmail.com,56KjsU
fake+millerpatricia@notarealmail.com,Mediumseagreen782
fake+danielle32@mydomain.net,July2008
fake+davidmoody@demoapp.cloud,Oil!70
fake+bhines@yahoo.com,&3PDpd#V7z29RG
fake+smithmaria@coolname.app,Attention!57
fake+leahgomez@hotmail.com,February1930
fake+qarmstrong@notarealmail.com,around5744
